DATE,US_Corp_Bonds,GL_HY_Bonds
1/1/10,1540.34,701.881
1/4/10,1542.4,705.3042
1/5/10,1549.2,708.5426
1/6/10,1547.8,711.8128
1/7/10,1547,714.5688
1/8/10,1548.39,715.9809
1/11/10,1549.08,720.0871
1/12/10,1555.24,720.6001
1/13/10,1551.75,720.3638
1/14/10,1555.83,719.8903
1/15/10,1559.18,718.8904
1/18/10,1559.18,719.053
1/19/10,1557.39,718.4244
1/20/10,1560.13,717.0855
1/21/10,1563.39,715.793
1/22/10,1563.03,713.545
1/25/10,1561.25,712.3156
1/26/10,1560.99,711.008
1/27/10,1560.28,710.8137
1/28/10,1560.05,710.2826
1/29/10,1563.87,709.5719
2/1/10,1561.4,708.6457
2/2/10,1563.18,709.8827
2/3/10,1560.28,710.7122
2/4/10,1565.27,708.8895
2/5/10,1568.5,703.8178
2/8/10,1565.9,702.3706
2/9/10,1562.97,701.242
2/10/10,1559.25,698.8817
2/11/10,1557.91,697.343
2/12/10,1560.42,696.802
2/15/10,1560.42,696.5419
2/16/10,1562.71,698.116
2/17/10,1558.42,701.0982
2/18/10,1555.6,702.9979
2/19/10,1556.18,704.0373
2/22/10,1557.42,706.8371
2/23/10,1563.63,706.6678
2/24/10,1563.2,707.1707
2/25/10,1565.97,706.3219
2/26/10,1569.71,709.0745
3/1/10,1569.45,709.7374
3/2/10,1570.57,712.9129
3/3/10,1570.82,715.2996
3/4/10,1571.82,715.7237
3/5/10,1568.38,717.4632
3/8/10,1568.24,720.6867
3/9/10,1570.03,721.8981
3/10/10,1569.44,724.1799
3/11/10,1569.88,724.6586
3/12/10,1570.45,726.3977
3/15/10,1571.41,726.0881
3/16/10,1574.65,727.7825
3/17/10,1575.64,729.2142
3/18/10,1574.1,729.4956
3/19/10,1573.32,728.9924
3/22/10,1574.49,729.1365
3/23/10,1574.7,729.8841
3/24/10,1566.69,728.9538
3/25/10,1563.04,729.3382
3/26/10,1566.09,730.8306
3/29/10,1566.43,732.3941
3/30/10,1565.67,732.6643
3/31/10,1567.78,733.4012
4/1/10,1565.63,734.1971
4/2/10,1560.02,734.1254
4/5/10,1557.02,735.2646
4/6/10,1559.21,735.2709
4/7/10,1566.66,736.1173
4/8/10,1565.33,736.2205
4/9/10,1566.37,737.9404
4/12/10,1571.09,741.4133
4/13/10,1573.18,742.6369
4/14/10,1570.79,744.874
4/15/10,1572.35,746.7734
4/16/10,1577.56,747.8595
4/19/10,1574.82,746.8335
4/20/10,1575.05,747.8769
4/21/10,1578.7,748.6599
4/22/10,1576.29,747.9683
4/23/10,1573.88,748.3121
4/26/10,1574.65,749.6753
4/27/10,1581.57,749.6822
4/28/10,1576.56,746.5497
4/29/10,1580.33,747.4115
4/30/10,1584.1,748.3005
5/3/10,1581.13,748.5707
5/4/10,1586.26,745.9723
5/5/10,1589.42,740.6724
5/6/10,1596.77,733.4066
5/7/10,1591.19,722.9429
5/10/10,1587.74,729.5915
5/11/10,1587.24,727.288
5/12/10,1587.01,730.7006
5/13/10,1588.7,731.529
5/14/10,1596.03,728.0564
5/17/10,1594.78,726.0039
5/18/10,1599.44,726.1533
5/19/10,1598.73,721.1368
5/20/10,1603.15,714.4428
5/21/10,1605.01,712.3297
5/24/10,1602.14,712.1165
5/25/10,1603.75,705.3582
5/26/10,1600.68,707.5385
5/27/10,1594.45,710.0211
5/28/10,1597.43,713.0276
5/31/10,1597.43,712.7242
6/1/10,1598.1,712.773
6/2/10,1596.2,711.2861
6/3/10,1595,713.8957
6/4/10,1605.54,711.8921
6/7/10,1605.71,709.4428
6/8/10,1606.53,707.1433
6/9/10,1605.69,707.7069
6/10/10,1597.65,707.7862
6/11/10,1604.42,708.447
6/14/10,1602.25,712.2417
6/15/10,1600.81,714.3342
6/16/10,1602.8,717.0711
6/17/10,1608.83,720.9339
6/18/10,1607.7,722.9918
6/21/10,1608.44,727.6336
6/22/10,1612.67,726.9605
6/23/10,1615.21,726.0253
6/24/10,1613.7,725.1348
6/25/10,1614.97,724.9274
6/28/10,1620.08,726.5279
6/29/10,1622.33,723.1424
6/30/10,1622.48,722.9571
7/1/10,1623.39,723.8619
7/2/10,1621.09,725.2628
7/5/10,1621.09,724.7929
7/6/10,1625.11,727.802
7/7/10,1623.01,728.3531
7/8/10,1621.99,731.3732
7/9/10,1620.78,733.2226
7/12/10,1622.1,734.619
7/13/10,1619.55,737.7285
7/14/10,1624.31,740.3681
7/15/10,1628.46,742.4771
7/16/10,1630.84,743.6893
7/19/10,1629.36,744.183
7/20/10,1631.21,744.115
7/21/10,1634.68,746.0072
7/22/10,1633.25,748.6397
7/23/10,1630.98,749.7324
7/26/10,1632.12,752.7694
7/27/10,1630.61,755.5651
7/28/10,1633.68,756.6802
7/29/10,1634.43,757.7113
7/30/10,1639.79,757.8289
8/2/10,1636.7,760.622
8/3/10,1640.84,763.0226
8/4/10,1638.53,763.1274
8/5/10,1640.38,763.9534
8/6/10,1644.4,765.7794
8/9/10,1644.05,766.6303
8/10/10,1645.58,765.2479
8/11/10,1649.29,761.5157
8/12/10,1646.31,758.7274
8/13/10,1649.24,757.7001
8/16/10,1655.68,759.3105
8/17/10,1652.09,760.3967
8/18/10,1651.89,762.1011
8/19/10,1655.97,763.1744
8/20/10,1653.28,760.9853
8/23/10,1654.43,761.8603
8/24/10,1659.06,761.5799
8/25/10,1657.35,760.2653
8/26/10,1660.2,760.7427
8/27/10,1651.41,759.8862
8/30/10,1657.43,760.4955
8/31/10,1660.89,759.8002
9/1/10,1655.49,762.3957
9/2/10,1653.6,763.8001
9/3/10,1650.32,765.0702
9/6/10,1650.32,765.496
9/7/10,1656.91,765.3449
9/8/10,1653.9,766.0152
9/9/10,1647.21,766.3912
9/10/10,1645.93,767.4506
9/13/10,1650.55,771.3828
9/14/10,1654.92,773.8685
9/15/10,1651.4,775.4263
9/16/10,1649.49,777.234
9/17/10,1649.81,777.4142
9/20/10,1652.26,779.1284
9/21/10,1658.75,780.7397
9/22/10,1660.09,783.2189
9/23/10,1659.17,782.0446
9/24/10,1655.94,783.5138
9/27/10,1661.85,785.4007
9/28/10,1664.77,786.9638
9/29/10,1662.32,788.4942
9/30/10,1662.66,790.3424
10/1/10,1662.76,792.6737
10/4/10,1665.57,793.7923
10/5/10,1666.16,796.9659
10/6/10,1671.13,800.308
10/7/10,1672.3,802.5034
10/8/10,1673.37,803.4619
10/11/10,1673.37,803.4757
10/12/10,1672.23,804.4046
10/13/10,1672.96,807.9945
10/14/10,1668.85,809.3498
10/15/10,1664.13,808.5548
10/18/10,1669.33,807.8593
10/19/10,1671.4,805.9331
10/20/10,1672.46,806.8503
10/21/10,1669.95,807.7666
10/22/10,1669.12,807.691
10/25/10,1669.68,810.0619
10/26/10,1665.35,810.3642
10/27/10,1662,809.6982
10/28/10,1665.08,811.8795
10/29/10,1668.58,812.892
11/1/10,1668.62,813.3369
11/2/10,1671.89,815.0802
11/3/10,1670.53,815.7709
11/4/10,1677.18,820.8805
11/5/10,1673.32,820.8515
11/8/10,1672.16,820.1081
11/9/10,1665.5,820.1804
11/10/10,1666.57,815.847
11/11/10,1666.57,814.8619
11/12/10,1660.07,812.0808
11/15/10,1652,809.6987
11/16/10,1655.48,805.4303
11/17/10,1655.76,803.8848
11/18/10,1654.57,805.4471
11/19/10,1656.01,805.4349
11/22/10,1660.3,805.1075
11/23/10,1662.76,800.4772
11/24/10,1653.08,798.3766
11/25/10,1653.08,798.0916
11/26/10,1655.93,796.2356
11/29/10,1658.31,793.9572
11/30/10,1658.99,790.2238
12/1/10,1648.25,791.3346
12/2/10,1646.42,794.7074
12/3/10,1647.73,798.5853
12/6/10,1653.92,799.629
12/7/10,1640.23,801.5151
12/8/10,1635.81,799.7582
12/9/10,1637.09,799.1599
12/10/10,1633.72,799.4571
12/13/10,1636.31,801.3301
12/14/10,1625.86,800.8892
12/15/10,1621.7,799.6462
12/16/10,1623.83,797.2197
12/17/10,1635.03,796.9961
12/20/10,1633.97,797.5591
12/21/10,1635.89,798.8509
12/22/10,1634.81,799.4137
12/23/10,1631.7,799.5807
12/24/10,1631.7,800.0925
12/27/10,1634.44,800.9328
12/28/10,1626.15,800.8661
12/29/10,1637.04,801.9751
12/30/10,1635.46,803.8669
12/31/10,1641.1,805.9224
1/3/11,1639.71,808.1211
1/4/11,1639.94,810.3147
1/5/11,1630.82,809.4882
1/6/11,1634.79,809.5711
1/7/11,1641.36,809.2538
1/10/11,1642.93,808.1486
1/11/11,1641.11,808.5251
1/12/11,1640.73,811.3346
1/13/11,1644.81,815.4932
1/14/11,1643.17,816.3377
1/17/11,1643.17,815.889
1/18/11,1641.56,817.9841
1/19/11,1643.83,819.5325
1/20/11,1636.17,817.738
1/21/11,1639.12,819.2556
1/24/11,1640.1,821.6174
1/25/11,1645.52,822.506
1/26/11,1639.02,823.3836
1/27/11,1642.69,824.0421
1/28/11,1645.59,822.8029
1/31/11,1643.01,822.7107
2/1/11,1639.29,825.1836
2/2/11,1635.96,826.8148
2/3/11,1632.58,826.0356
2/4/11,1626.29,826.0011
2/7/11,1627.45,827.1958
2/8/11,1621.74,829.1131
2/9/11,1626.63,829.2084
2/10/11,1621.84,827.3708
2/11/11,1626.28,826.9053
2/14/11,1629.35,826.5936
2/15/11,1630.45,827.1393
2/16/11,1629.92,827.6088
2/17/11,1633.99,829.7043
2/18/11,1633.15,831.2129
2/21/11,1633.15,831.6886
2/22/11,1640.94,832.2082
2/23/11,1640.13,831.7211
2/24/11,1643,831.1828
2/25/11,1644.53,831.6339
2/28/11,1647.12,833.8089
3/1/11,1647.89,835.0631
3/2/11,1644.22,835.5201
3/3/11,1636.8,836.3182
3/4/11,1643.64,837.2297
3/7/11,1643.84,838.1298
3/8/11,1640.7,836.9823
3/9/11,1645.83,837.5748
3/10/11,1650.97,835.2009
3/11/11,1650.7,834.6293
3/14/11,1654.46,836.2936
3/15/11,1654.59,832.3007
3/16/11,1661.05,832.7903
3/17/11,1657.95,833.6587
3/18/11,1657.26,836.2893
3/21/11,1654.15,838.32
3/22/11,1652.92,839.1479
3/23/11,1652.56,838.0324
3/24/11,1650.1,839.261
3/25/11,1647.3,839.1444
3/28/11,1647.31,839.4238
3/29/11,1644.4,839.2874
3/30/11,1647.42,840.0489
3/31/11,1648.03,841.0331
4/1/11,1647.88,842.6847
4/4/11,1649.76,845.4556
4/5/11,1645.96,845.9901
4/6/11,1643.03,848.76
4/7/11,1643.57,849.0972
4/8/11,1643.07,851.0324
4/11/11,1643.75,851.918
4/12/11,1648.96,851.5646
4/13/11,1651.66,851.9477
4/14/11,1650.39,851.3877
4/15/11,1656.61,851.3942
4/18/11,1659.78,849.2378
4/19/11,1660.93,850.2129
4/20/11,1658.6,853.1476
4/21/11,1658.46,854.6583
4/22/11,1658.46,854.6583
4/25/11,1661.77,855.3383
4/26/11,1665.24,856.372
4/27/11,1662.73,856.5578
4/28/11,1667.11,859.2591
4/29/11,1668.95,860.9316
5/2/11,1669.72,862.4566
5/3/11,1671.87,862.3356
5/4/11,1673.68,863.379
5/5/11,1677.5,860.5794
5/6/11,1678.45,859.9706
5/9/11,1680.04,858.3888
5/10/11,1676.38,859.6035
5/11/11,1679.34,859.6979
5/12/11,1676.66,858.419
5/13/11,1679.32,858.6059
5/16/11,1682.68,859.7099
5/17/11,1685.03,859.0502
5/18/11,1681.28,859.9248
5/19/11,1681.54,860.4606
5/20/11,1682.81,859.6402
5/23/11,1684.03,857.5355
5/24/11,1684.71,857.9066
5/25/11,1684.35,856.983
5/26/11,1689.41,856.9521
5/27/11,1688.75,858.5824
5/30/11,1688.75,858.5824
5/31/11,1690.73,860.802
6/1/11,1696.51,861.7501
6/2/11,1691.38,860.6921
6/3/11,1693.66,861.1279
6/6/11,1693.2,861.435
6/7/11,1693.82,861.8497
6/8/11,1697.39,859.9748
6/9/11,1693.9,857.9227
6/10/11,1695.37,856.1283
6/13/11,1694.23,854.9755
6/14/11,1687.57,855.6125
6/15/11,1695.35,853.1043
6/16/11,1697.02,848.3876
6/17/11,1695.31,849.2807
6/20/11,1694.83,848.2179
6/21/11,1694.32,849.4516
6/22/11,1695.35,851.1573
6/23/11,1699.98,847.2848
6/24/11,1700.85,847.1234
6/27/11,1696.12,847.5035
6/28/11,1689.21,848.3784
6/29/11,1687.23,851.1988
6/30/11,1685.78,855.1193
7/1/11,1683.7,856.4416
7/4/11,1683.7,856.954
7/5/11,1688.7,858.3435
7/6/11,1690.88,856.9365
7/7/11,1686.98,858.9522
7/8/11,1697.03,858.7032
7/11/11,1701.98,853.9775
7/12/11,1702.57,852.3257
7/13/11,1704.59,855.1663
7/14/11,1701.31,855.4803
7/15/11,1702.38,855.5999
7/18/11,1701.23,853.9921
7/19/11,1703.27,855.8227
7/20/11,1701.02,856.8617
7/21/11,1697.61,860.4844
7/22/11,1701.41,862.337
7/25/11,1698.52,862.4039
7/26/11,1702.27,864.5609
7/27/11,1699.78,863.0784
7/28/11,1702.4,862.0215
7/29/11,1712.53,863.2513
8/1/11,1717.03,862.5076
8/2/11,1725.03,860.4406
8/3/11,1726.04,858.921
8/4/11,1733.98,853.6135
8/5/11,1724.6,847.7913
8/8/11,1732.23,834.2381
8/9/11,1740.96,827.8504
8/10/11,1746.19,825.6173
8/11/11,1733.56,819.3131
8/12/11,1740.21,822.6725
8/15/11,1736.43,829.7935
8/16/11,1740.95,831.32
8/17/11,1744.13,834.528
8/18/11,1747.51,830.6405
8/19/11,1746.4,829.1339
8/22/11,1744.36,827.5228
8/23/11,1738.86,822.3646
8/24/11,1730.28,819.7963
8/25/11,1733.17,820.3285
8/26/11,1736.42,819.746
8/29/11,1732.16,821.5856
8/30/11,1739.53,824.2638
8/31/11,1737.55,829.8456
9/1/11,1743.2,830.9566
9/2/11,1750.9,830.2057
9/5/11,1750.9,828.3926
9/6/11,1751.17,822.3191
9/7/11,1747.7,824.524
9/8/11,1749.89,825.329
9/9/11,1754.07,821.2125
9/12/11,1751.37,814.546
9/13/11,1747.57,813.5607
9/14/11,1747.71,813.886
9/15/11,1744.25,816.1445
9/16/11,1745.11,817.6115
9/19/11,1753.14,814.624
9/20/11,1751.92,815.1655
9/21/11,1757.66,813.9727
9/22/11,1765.96,803.4334
9/23/11,1756.99,799.5772
9/26/11,1750,796.5009
9/27/11,1743.45,798.516
9/28/11,1744.96,796.172
9/29/11,1747.99,794.513
9/30/11,1750.19,788.1234
10/3/11,1758.32,780.8399
10/4/11,1754.71,769.677
10/5/11,1747.86,771.0109
10/6/11,1744.03,778.3695
10/7/11,1739.38,782.9874
10/10/11,1739.38,785.0971
10/11/11,1737.03,790.8476
10/12/11,1734.22,799.7254
10/13/11,1739.54,801.9971
10/14/11,1736.33,806.6504
10/17/11,1741.56,809.2443
10/18/11,1741.69,808.3629
10/19/11,1742.89,814.1995
10/20/11,1742.19,814.5469
10/21/11,1741.35,820.5685
10/24/11,1739.71,824.5422
10/25/11,1748.57,828.4037
10/26/11,1744.46,829.1486
10/27/11,1736.32,841.1443
10/28/11,1743.95,844.5231
10/31/11,1752.07,841.2463
11/1/11,1761.14,831.0668
11/2/11,1760.44,833.9199
11/3/11,1756.91,835.5953
11/4/11,1758.59,837.1894
11/7/11,1760.83,836.9789
11/8/11,1755.8,837.941
11/9/11,1759.63,831.3571
11/10/11,1754.27,829.6602
11/11/11,1754.27,831.28
11/14/11,1755.32,831.0705
11/15/11,1753.29,827.6829
11/16/11,1755.22,826.4058
11/17/11,1757.37,824.7033
11/18/11,1754.46,822.8786
11/21/11,1755.92,818.3163
11/22/11,1756.46,815.3969
11/23/11,1758.46,810.1425
11/24/11,1758.46,809.3108
11/25/11,1752.58,807.6811
11/28/11,1755.09,810.4467
11/29/11,1753.47,810.0774
11/30/11,1750.55,815.0065
12/1/11,1747.64,818.2983
12/2/11,1754.03,821.2167
12/5/11,1755.79,825.7574
12/6/11,1753.62,826.3907
12/7/11,1759.1,828.1223
12/8/11,1762.52,827.3778
12/9/11,1756.75,827.0123
12/12/11,1759.68,825.2119
12/13/11,1762.37,824.0809
12/14/11,1765.88,821.4257
12/15/11,1764.39,821.5292
12/16/11,1767.84,823.0206
12/19/11,1770.12,823.5835
12/20/11,1764.21,825.8189
12/21/11,1760.87,826.299
12/22/11,1762.03,827.6614
12/23/11,1756.74,828.0302
12/26/11,1756.74,828.0302
12/27/11,1759.13,829.0314
12/28/11,1766.61,829.268
12/29/11,1767.74,829.6778
12/30/11,1769.79,831.0871
1/2/12,1769.79,831.0871
1/3/12,1765.75,836.0468
1/4/12,1764.68,835.8271
1/5/12,1764.59,834.7731
1/6/12,1767.33,834.6129
1/9/12,1768.59,835.5516
1/10/12,1768.65,837.3324
1/11/12,1772.76,836.6596
1/12/12,1772.05,838.6147
1/13/12,1776.96,837.0891
1/16/12,1776.96,837.2796
1/17/12,1777.87,839.4382
1/18/12,1774.64,841.6806
1/19/12,1771.08,845.6689
1/20/12,1768.11,847.7589
1/23/12,1766.8,851.2486
1/24/12,1767.07,852.079
1/25/12,1770.9,854.4875
1/26/12,1776.88,860.8085
1/27/12,1778.82,861.894
1/30/12,1782.61,861.2285
1/31/12,1785.33,862.0333
2/1/12,1782.8,865.3859
2/2/12,1784.19,866.8195
2/3/12,1777.68,869.046
2/6/12,1782.23,869.9011
2/7/12,1778.91,872.3706
2/8/12,1779.52,873.6222
2/9/12,1776.77,874.6025
2/10/12,1781.01,872.0762
2/13/12,1780.35,874.1682
2/14/12,1784.6,873.4058
2/15/12,1784.01,872.7277
2/16/12,1778.52,871.5286
2/17/12,1778.3,874.9511
2/20/12,1778.3,876.6102
2/21/12,1776.7,879.2454
2/22/12,1780.04,880.7531
2/23/12,1781.38,883.4913
2/24/12,1782.09,887.8609
2/27/12,1786.12,888.1803
2/28/12,1786.34,890.0166
2/29/12,1784.92,891.2932
3/1/12,1781.82,892.3196
3/2/12,1785.49,892.1538
3/5/12,1783.75,891.3248
3/6/12,1786.65,885.1012
3/7/12,1784.08,885.3971
3/8/12,1782.34,889.3634
3/9/12,1781.37,888.9064
3/12/12,1782.38,890.0174
3/13/12,1777.75,891.5887
3/14/12,1767.62,891.5969
3/15/12,1769.02,891.0886
3/16/12,1769.08,892.4939
3/19/12,1764.24,893.9702
3/20/12,1764.47,892.7255
3/21/12,1770.12,892.605
3/22/12,1770.66,891.2266
3/23/12,1772.95,891.192
3/26/12,1773.3,892.6072
3/27/12,1777.14,893.2117
3/28/12,1776.86,892.9211
3/29/12,1778.95,891.4513
3/30/12,1775.14,891.9522
4/2/12,1776.71,892.157
4/3/12,1770.74,892.9523
4/4/12,1773.07,889.1524
4/5/12,1776.62,887.3077
4/6/12,1785.02,887.6591
4/9/12,1786.18,885.9646
4/10/12,1788.86,884.0305
4/11/12,1786.15,883.447
4/12/12,1785.6,885.8307
4/13/12,1789.47,885.3002
4/16/12,1791.19,885.0432
4/17/12,1789.07,887.2372
4/18/12,1790.87,887.0858
4/19/12,1792.41,887.8483
4/20/12,1791.08,889.628
4/23/12,1793.16,888.4494
4/24/12,1791.5,890.6661
4/25/12,1790.54,893.1093
4/26/12,1791.98,894.8178
4/27/12,1793.39,897.3805
4/30/12,1794.82,899.2007
5/1/12,1792.43,900.9551
5/2/12,1795.45,901.5839
5/3/12,1796.29,902.9115
5/4/12,1798.98,902.9011
5/7/12,1799.11,902.6538
5/8/12,1801.12,900.6914
5/9/12,1799.64,897.8459
5/10/12,1798.54,898.6906
5/11/12,1800.54,897.7929
5/14/12,1802.92,893.5205
5/15/12,1802.84,890.6601
5/16/12,1802.69,886.073
5/17/12,1805.19,881.0767
5/18/12,1804.09,877.6394
5/21/12,1802.86,876.897
5/22/12,1798.53,879.0313
5/23/12,1802.85,875.0993
5/24/12,1800.18,874.2269
5/25/12,1800.93,873.4231
5/28/12,1800.93,874.0036
5/29/12,1801.99,875.3668
5/30/12,1808.79,872.0631
5/31/12,1811.06,870.7376
6/1/12,1816.25,866.9152
6/4/12,1812.2,865.9281
6/5/12,1810.05,865.5252
6/6/12,1805.68,870.8658
6/7/12,1806.28,875.7457
6/8/12,1806.59,875.3793
6/11/12,1810.3,877.2871
6/12/12,1806.43,876.2066
6/13/12,1810.05,878.4982
6/14/12,1809.34,879.2343
6/15/12,1811.9,881.313
6/18/12,1812.57,882.7079
6/19/12,1810.68,886.9596
6/20/12,1810.11,889.7429
6/21/12,1812.92,889.1225
6/22/12,1809.75,888.1028
6/25/12,1814.37,887.0767
6/26/12,1812.79,887.0652
6/27/12,1813.49,887.7955
6/28/12,1815.88,887.9664
6/29/12,1811.77,894.8694
7/2/12,1817.9,896.6774
7/3/12,1815.19,899.4424
7/4/12,1815.19,898.5109
7/5/12,1817.69,898.5402
7/6/12,1821.26,897.8246
7/9/12,1824.08,897.9378
7/10/12,1826.45,898.4696
7/11/12,1827.34,899.4091
7/12/12,1828.73,898.3144
7/13/12,1828.15,899.96
7/16/12,1831.64,901.2028
7/17/12,1829.95,901.8079
7/18/12,1833.42,903.908
7/19/12,1832.5,905.6854
7/20/12,1836.06,904.9684
7/23/12,1836.79,900.989
7/24/12,1838.57,899.4869
7/25/12,1838.88,899.1871
7/26/12,1838.29,903.4009
7/27/12,1830.47,906.4774
7/30/12,1835.48,907.9035
7/31/12,1836.76,910.9633
8/1/12,1833.8,912.5307
8/2/12,1837.81,911.4958
8/3/12,1831.58,915.8874
8/6/12,1833.85,919.3565
8/7/12,1829.16,920.9973
8/8/12,1828.07,920.8016
8/9/12,1827.84,920.1315
8/10/12,1830.06,919.4427
8/13/12,1829.94,920.3139
8/14/12,1824.96,919.8656
8/15/12,1819.1,918.9154
8/16/12,1816.69,920.2135
8/17/12,1818.48,920.008
8/20/12,1819.4,921.6819
8/21/12,1820.43,924.9131
8/22/12,1827.04,925.6248
8/23/12,1830.19,927.5829
8/24/12,1828.83,926.7825
8/27/12,1831.31,927.6459
8/28/12,1832.39,928.8006
8/29/12,1830.89,928.8517
8/30/12,1833.41,928.392
8/31/12,1837.96,930.2816
9/3/12,1837.96,930.246
9/4/12,1837.51,931.4136
9/5/12,1836.82,933.0444
9/6/12,1831.63,935.9033
9/7/12,1833.08,941.7254
9/10/12,1832.14,943.5818
9/11/12,1832,946.089
9/12/12,1828.38,949.3913
9/13/12,1830.76,950.5693
9/14/12,1825.83,957.4399
9/17/12,1828.32,958.6378
9/18/12,1829.49,957.3506
9/19/12,1831.81,957.9183
9/20/12,1832.67,955.4136
9/21/12,1834.08,955.7962
9/24/12,1836.91,954.0632
9/25/12,1838.88,953.507
9/26/12,1841.9,947.5644
9/27/12,1840.12,949.4358
9/28/12,1840.49,950.3466
10/1/12,1841.77,952.1426
10/2/12,1842.55,953.1653
10/3/12,1842.48,953.6861
10/4/12,1839.81,956.7633
10/5/12,1836.51,958.7058
10/8/12,1836.51,957.4973
10/9/12,1838.06,955.6304
10/10/12,1839.97,955.1499
10/11/12,1841.94,957.5071
10/12/12,1843.4,958.9485
10/15/12,1843.48,961.0583
10/16/12,1840.83,964.2778
10/17/12,1836.58,968.0191
10/18/12,1836.16,968.6414
10/19/12,1840.01,967.5185
10/22/12,1838.18,968.1753
10/23/12,1839.28,964.7041
10/24/12,1839.08,964.8329
10/25/12,1835.2,965.1821
10/26/12,1839.56,962.7565
10/29/12,1841.32,961.8001
10/30/12,1841.32,962.7246
10/31/12,1844.11,962.2079
11/1/12,1841.71,962.6337
11/2/12,1841.23,961.9204
11/5/12,1844.04,962.0658
11/6/12,1839.41,963.7011
11/7/12,1845.46,963.1368
11/8/12,1847.77,962.2626
11/9/12,1847.32,959.9883
11/12/12,1847.32,959.9629
11/13/12,1848.02,958.9341
11/14/12,1847.48,958.4849
11/15/12,1846.99,956.4838
11/16/12,1847.53,954.6891
11/19/12,1846.03,958.8117
11/20/12,1843.57,960.0328
11/21/12,1841.96,961.4122
11/22/12,1841.96,962.5498
11/23/12,1841.95,964.4441
11/26/12,1844.1,965.7934
11/27/12,1845.39,967.4993
11/28/12,1846.44,968.0414
11/29/12,1846.25,972.1622
11/30/12,1847.02,974.124
12/3/12,1846.37,976.7743
12/4/12,1848.27,978.8679
12/5/12,1849.11,981.3879
12/6/12,1849.38,982.1677
12/7/12,1846.72,981.9403
12/10/12,1848.03,983.567
12/11/12,1846.49,985.9777
12/12/12,1843.86,987.668
12/13/12,1842.58,988.7701
12/14/12,1844.08,989.6121
12/17/12,1840.62,990.605
12/18/12,1836.6,992.1164
12/19/12,1839.53,993.591
12/20/12,1839.91,993.8125
12/21/12,1842.75,992.3319
12/24/12,1841.63,993.0134
12/25/12,1841.63,993.0134
12/26/12,1842.72,993.4188
12/27/12,1846.05,994.1025
12/28/12,1846.24,994.0902
12/31/12,1844.39,994.0162
1/1/13,1844.39,994.0162
1/2/13,1840.4,999.6379
1/3/13,1836.93,1000.5585
1/4/13,1836.38,1000.8582
1/7/13,1837.68,1002.8882
1/8/13,1839.28,1003.0728
1/9/13,1840.38,1003.7742
1/10/13,1838,1006.8868
1/11/13,1839.47,1009.0055
1/14/13,1840.51,1009.4249
1/15/13,1841.61,1008.4955
1/16/13,1841.59,1007.6849
1/17/13,1838.16,1009.5431
1/18/13,1840.16,1009.2634
1/21/13,1840.16,1009.6228
1/22/13,1841.16,1010.1121
1/23/13,1841.08,1010.9267
1/24/13,1840.12,1012.0912
1/25/13,1833.16,1014.3465
1/28/13,1831.99,1014.2678
1/29/13,1831.03,1012.7927
1/30/13,1830.06,1011.4509
1/31/13,1831.49,1008.6231
2/1/13,1829.97,1009.7342
2/4/13,1832.85,1006.3522
2/5/13,1830.17,1005.0379
2/6/13,1833.19,1005.286
2/7/13,1833.94,1003.0033
2/8/13,1833.16,1003.3995
2/11/13,1834.04,1003.845
2/12/13,1831.55,1004.7102
2/13/13,1829.79,1005.5498
2/14/13,1832.93,1005.0559
2/15/13,1832.38,1005.7022
2/18/13,1832.38,1005.7644
2/19/13,1831.36,1006.9406
2/20/13,1831.72,1007.6876
2/21/13,1833.92,1004.4209
2/22/13,1834.73,1004.1041
2/25/13,1839.47,1005.9514
2/26/13,1840.44,1003.2259
2/27/13,1839.29,1004.3876
2/28/13,1840.67,1004.91
3/1/13,1842.17,1003.8795
3/4/13,1841.13,1005.2571
3/5/13,1840.35,1006.9562
3/6/13,1837.63,1006.9709
3/7/13,1833.99,1008.4623
3/8/13,1830.28,1007.4792
3/11/13,1830.73,1008.4053
3/12/13,1833.23,1009.3717
3/13/13,1833.54,1008.8875
3/14/13,1832.99,1010.1519
3/15/13,1835.18,1011.9226
3/18/13,1837.42,1009.7118
3/19/13,1840.48,1008.6383
3/20/13,1838.09,1009.6177
3/21/13,1838.4,1009.2741
3/22/13,1839.33,1010.0543
3/25/13,1839.66,1009.1993
3/26/13,1840.01,1008.6117
3/27/13,1842.83,1006.5043
3/28/13,1842.14,1007.7645
3/29/13,1842.14,1007.7645
4/1/13,1843.88,1008.1631
4/2/13,1843.01,1008.7575
4/3/13,1846.7,1010.0097
4/4/13,1851.51,1010.9212
4/5/13,1856.81,1013.8895
4/8/13,1854.5,1015.808
4/9/13,1853.83,1017.8593
4/10/13,1850.28,1019.9925
4/11/13,1851.51,1022.4501
4/12/13,1856.14,1022.5956
4/15/13,1857.71,1021.5702
4/16/13,1856.44,1020.6028
4/17/13,1857.38,1018.6818
4/18/13,1858.55,1019.4499
4/19/13,1857.46,1019.966
4/22/13,1858.14,1020.4696
4/23/13,1858.26,1021.8969
4/24/13,1858.58,1023.3271
4/25/13,1857.8,1024.9172
4/26/13,1861.17,1026.2822
4/29/13,1861.24,1029.6
4/30/13,1860.78,1032.946
5/1/13,1863.33,1034.7147
5/2/13,1863.63,1034.7848
5/3/13,1855.84,1037.4872
5/6/13,1854.52,1038.2914
5/7/13,1854.02,1039.5574
5/8/13,1855.82,1041.5046
5/9/13,1854.63,1040.6897
5/10/13,1848.36,1037.3448
5/13/13,1847.17,1035.4245
5/14/13,1844.97,1033.9942
5/15/13,1845.37,1031.9981
5/16/13,1851.04,1033.5116
5/17/13,1844.56,1032.5249
5/20/13,1843.73,1034.1108
5/21/13,1845.58,1034.2359
5/22/13,1840,1034.4014
5/23/13,1839.54,1031.4683
5/24/13,1840.35,1031.0152
5/27/13,1840.35,1031.0152
5/28/13,1830.98,1029.2072
5/29/13,1830.99,1025.7991
5/30/13,1830.72,1025.963
5/31/13,1827.58,1022.45
6/3/13,1828.42,1020.1127
6/4/13,1825.77,1019.2585
6/5/13,1826.42,1013.7728
6/6/13,1828.37,1013.2154
6/7/13,1822.74,1016.5008
6/10/13,1819.65,1015.707
6/11/13,1819.79,1009.8997
6/12/13,1816.96,1010.7558
6/13/13,1821.52,1009.2327
6/14/13,1826.38,1013.3858
6/17/13,1824.01,1015.4054
6/18/13,1823.69,1015.4644
6/19/13,1812.74,1014.659
6/20/13,1801.56,998.3205
6/21/13,1793.27,995.1234
6/24/13,1788.85,984.1579
6/25/13,1785.72,982.6017
6/26/13,1790.56,985.7552
6/27/13,1797.37,990.7501
6/28/13,1799.31,993.2147
7/1/13,1800.42,995.2107
7/2/13,1801.81,996.292
7/3/13,1798.79,994.2991
7/4/13,1798.79,993.5272
7/5/13,1780.68,990.9597
7/8/13,1788.3,991.274
7/9/13,1790.93,992.3064
7/10/13,1786.73,993.6876
7/11/13,1796.2,1001.1832
7/12/13,1794.43,1003.4196
7/15/13,1799.16,1005.7478
7/16/13,1801.37,1009.5515
7/17/13,1804.88,1011.7742
7/18/13,1802.07,1015.8099
7/19/13,1806.84,1017.8824
7/22/13,1808.17,1020.7714
7/23/13,1806.27,1022.4468
7/24/13,1800.73,1020.0637
7/25/13,1799.36,1016.7298
7/26/13,1803.45,1016.8078
7/29/13,1801.78,1017.0211
7/30/13,1800.64,1017.0493
7/31/13,1801.77,1016.2022
8/1/13,1792.03,1015.5947
8/2/13,1801.89,1015.9232
8/5/13,1799.78,1015.9481
8/6/13,1799.38,1016.8317
8/7/13,1802.32,1016.3543
8/8/13,1803.86,1018.1363
8/9/13,1804.5,1018.1089
8/12/13,1802.93,1017.9554
8/13/13,1794.54,1016.9416
8/14/13,1794.97,1017.617
8/15/13,1790.29,1015.5019
8/16/13,1783.98,1015.9812
8/19/13,1779.08,1014.4859
8/20/13,1784.24,1013.8295
8/21/13,1780.73,1011.6566
8/22/13,1777.53,1009.9559
8/23/13,1784.68,1011.6838
8/26/13,1787.58,1012.4988
8/27/13,1793.76,1011.7796
8/28/13,1788.67,1010.4092
8/29/13,1792.01,1009.5278
8/30/13,1792.56,1009.5859
9/2/13,1792.56,1009.9018
9/3/13,1785.39,1010.3939
9/4/13,1781.3,1010.2661
9/5/13,1772.95,1007.9944
9/6/13,1777.13,1009.4416
9/9/13,1782.45,1012.5612
9/10/13,1777.5,1013.4128
9/11/13,1781.22,1015.1214
9/12/13,1782.13,1016.8722
9/13/13,1782.81,1016.8139
9/16/13,1786.16,1021.5941
9/17/13,1788.02,1021.9104
9/18/13,1801.31,1024.4807
9/19/13,1799.03,1032.1466
9/20/13,1800.23,1031.9154
9/23/13,1802.23,1031.4652
9/24/13,1807.71,1030.5719
9/25/13,1810.67,1030.1402
9/26/13,1808.12,1029.044
9/27/13,1809.9,1029.1931
9/30/13,1809.53,1027.545
10/1/13,1807.66,1028.2118
10/2/13,1809.5,1029.7499
10/3/13,1811.1,1030.8177
10/4/13,1808.5,1031.5981
10/7/13,1809.75,1032.6414
10/8/13,1809.22,1033.736
10/9/13,1808.57,1032.431
10/10/13,1807.75,1034.3079
10/11/13,1808.78,1035.9985
10/14/13,1808.78,1036.7269
10/15/13,1806.55,1037.0977
10/16/13,1811.41,1038.2827
10/17/13,1818.62,1044.1989
10/18/13,1818.79,1047.4367
10/21/13,1817.34,1049.0327
10/22/13,1824.57,1051.7975
10/23/13,1826.54,1052.5402
10/24/13,1824.07,1053.4143
10/25/13,1825.69,1053.7306
10/28/13,1825.58,1054.5495
10/29/13,1825.65,1054.3873
10/30/13,1824.77,1055.437
10/31/13,1824.16,1053.1424
11/1/13,1818.96,1051.424
11/4/13,1820.75,1052.1816
11/5/13,1815.73,1050.7542
11/6/13,1817.45,1051.6353
11/7/13,1819.85,1050.3389
11/8/13,1809.57,1046.856
11/11/13,1809.57,1047.7346
11/12/13,1808.25,1045.6307
11/13/13,1811.95,1044.0185
11/14/13,1816.37,1046.4693
11/15/13,1817.19,1047.9546
11/18/13,1820.97,1050.8887
11/19/13,1817.99,1050.7688
11/20/13,1813.2,1050.7088
11/21/13,1814.16,1049.9215
11/22/13,1816.13,1052.1413
11/25/13,1816.9,1053.5829
11/26/13,1819.94,1054.629
11/27/13,1817.19,1055.3211
11/28/13,1817.19,1056.0023
11/29/13,1817.33,1056.9498
12/2/13,1812.75,1055.687
12/3/13,1814.21,1055.997
12/4/13,1808.88,1054.8925
12/5/13,1807.91,1056.4048
12/6/13,1808.18,1057.5009
12/9/13,1810.71,1059.2549
12/10/13,1815.87,1061.331
12/11/13,1811.99,1061.857
12/12/13,1809.39,1060.893
12/13/13,1810.73,1060.5892
12/16/13,1810.75,1061.9974
12/17/13,1814.15,1061.324
12/18/13,1811.6,1062.5718
12/19/13,1809.23,1062.0348
12/20/13,1812.62,1062.7529
12/23/13,1810.76,1063.9036
12/24/13,1806,1063.4911
12/25/13,1806,1063.4911
12/26/13,1805.69,1063.7169
12/27/13,1805.42,1065.5726
12/30/13,1808.92,1066.8793
12/31/13,1807.06,1066.8347
1/1/14,1807.06,1066.8347
1/2/14,1808.44,1065.9894
1/3/14,1807.98,1066.1498
1/6/14,1811.22,1068.2913
1/7/14,1813.38,1069.3549
1/8/14,1808.38,1069.5649
1/9/14,1810.51,1069.7319
1/10/14,1820.01,1071.5872
1/13/14,1823.47,1072.0954
1/14/14,1818.91,1072.9318
1/15/14,1817.86,1072.6717
1/16/14,1821.2,1073.1972
1/17/14,1822.73,1073.3052
1/20/14,1822.73,1073.5419
1/21/14,1823.53,1073.8603
1/22/14,1819.99,1073.9879
1/23/14,1826.39,1074.2355
1/24/14,1828.54,1070.6265
1/27/14,1825.98,1068.9035
1/28/14,1827.95,1069.8591
1/29/14,1833.29,1069.1903
1/30/14,1831.74,1067.0845
1/31/14,1833.76,1064.5863
2/3/14,1840.54,1064.6567
2/4/14,1837.24,1063.9973
2/5/14,1833.92,1064.9209
2/6/14,1832.47,1067.3491
2/7/14,1836.2,1069.95
2/10/14,1836.52,1072.4231
2/11/14,1833.54,1074.3863
2/12/14,1829.94,1074.3803
2/13/14,1834.57,1075.3561
2/14/14,1833.27,1076.4922
2/17/14,1833.27,1076.8986
2/18/14,1836.54,1079.055
2/19/14,1834.54,1080.0858
2/20/14,1832.58,1079.8441
2/21/14,1834.65,1082.2238
2/24/14,1834.03,1084.5722
2/25/14,1838.81,1086.8908
2/26/14,1841.38,1086.6397
2/27/14,1844.35,1088.7557
2/28/14,1843.51,1092.2635
3/3/14,1847.07,1090.1111
3/4/14,1840.77,1090.7316
3/5/14,1840.61,1091.7279
3/6/14,1837.47,1093.0378
3/7/14,1832.95,1092.3918
3/10/14,1833.75,1092.1129
3/11/14,1834.79,1092.2207
3/12/14,1837.66,1091.5928
3/13/14,1843.63,1092.363
3/14/14,1843.31,1090.3462
3/17/14,1839.37,1091.495
3/18/14,1841.27,1092.4408
3/19/14,1833.44,1093.6216
3/20/14,1832.83,1090.6387
3/21/14,1836.04,1091.8073
3/24/14,1837.23,1093.2811
3/25/14,1837.8,1094.2542
3/26/14,1841.44,1095.884
3/27/14,1843.68,1096.1878
3/28/14,1840.83,1097.0367
3/31/14,1840.37,1098.5245
4/1/14,1838.39,1099.5244
4/2/14,1834.71,1099.6795
4/3/14,1836.55,1099.5298
4/4/14,1842.68,1100.8325
4/7/14,1846.09,1101.8357
4/8/14,1847.32,1103.2321
4/9/14,1848.1,1104.6417
4/10/14,1854,1106.8317
4/11/14,1854.75,1105.6731
4/14/14,1853.06,1104.7181
4/15/14,1853.72,1104.9842
4/16/14,1852.91,1104.8624
4/17/14,1847.06,1105.3962
4/18/14,1847.06,1105.3962
4/21/14,1847.03,1106.5108
4/22/14,1847.47,1106.2826
4/23/14,1851.32,1107.0085
4/24/14,1851.71,1107.1164
4/25/14,1853.68,1106.6752
4/28/14,1853.12,1107.1657
4/29/14,1851.4,1107.9228
4/30/14,1855.9,1109.5015
5/1/14,1860.07,1109.9792
5/2/14,1861.06,1110.4245
5/5/14,1859.67,1110.638
5/6/14,1861.58,1112.7079
5/7/14,1862.91,1113.4321
5/8/14,1863.94,1113.9548
5/9/14,1861.57,1112.7564
5/12/14,1859.38,1113.7849
5/13/14,1862.52,1113.8235
5/14/14,1869.32,1114.5008
5/15/14,1871.77,1114.2005
5/16/14,1870.02,1113.7491
5/19/14,1868.99,1114.7402
5/20/14,1871.66,1114.8178
5/21/14,1869.62,1113.9907
5/22/14,1868.19,1114.038
5/23/14,1870.1,1113.9035
5/26/14,1870.1,1113.9035
5/27/14,1872.43,1115.3044
5/28/14,1879.33,1116.0855
5/29/14,1877.65,1117.5701
5/30/14,1877.03,1118.8765
6/2/14,1871.04,1118.8589
6/3/14,1866.41,1118.8597
6/4/14,1865.83,1119.0418
6/5/14,1868.22,1120.5998
6/6/14,1867.39,1123.6432
6/9/14,1866.3,1125.1294
6/10/14,1864.32,1124.7764
6/11/14,1864.43,1124.3849
6/12/14,1869.13,1125.0486
6/13/14,1867.45,1125.1041
6/16/14,1868.52,1125.4586
6/17/14,1863.64,1124.8563
6/18/14,1866.97,1125.6349
6/19/14,1867.68,1129.3388
6/20/14,1868.13,1130.1064
6/23/14,1868.61,1131.4739
6/24/14,1871.28,1131.6764
6/25/14,1873.73,1131.8101
6/26/14,1876.84,1130.9611
6/27/14,1876.16,1131.1924
6/30/14,1878,1131.4739
7/1/14,1873.83,1131.7161
7/2/14,1868.48,1131.6661
7/3/14,1866.31,1131.1998
7/4/14,1866.31,1130.8793
7/7/14,1868.81,1131.8834
7/8/14,1872.74,1132.4472
7/9/14,1874.43,1133.1622
7/10/14,1875.47,1130.681
7/11/14,1877,1130.9588
7/14/14,1874.46,1131.5977
7/15/14,1873.84,1129.7852
7/16/14,1874.15,1128.6367
7/17/14,1879.04,1126.8224
7/18/14,1878.25,1125.1301
7/21/14,1878.92,1124.7808
7/22/14,1880.49,1124.5653
7/23/14,1880.43,1125.9511
7/24/14,1876.33,1126.9866
7/25/14,1879.94,1125.4343
7/28/14,1878.5,1124.6898
7/29/14,1881.06,1123.0565
7/30/14,1873.53,1122.08
7/31/14,1873.29,1116.5541
8/1/14,1877.75,1111.7423
8/4/14,1878.98,1111.7183
8/5/14,1879.3,1112.2511
8/6/14,1879.19,1110.3311
8/7/14,1883.12,1111.3528
8/8/14,1882.94,1110.8821
8/11/14,1882.79,1113.5979
8/12/14,1881.37,1114.5477
8/13/14,1884.47,1117.0295
8/14/14,1887.24,1119.1076
8/15/14,1891.33,1120.6271
8/18/14,1887.48,1122.1703
8/19/14,1885.96,1122.8362
8/20/14,1884.25,1122.8353
8/21/14,1886.67,1122.6442
8/22/14,1887.14,1121.361
8/25/14,1888.38,1121.8058
8/26/14,1888.46,1122.7916
8/27/14,1891.47,1123.5576
8/28/14,1893.88,1123.0193
8/29/14,1893.97,1123.0352
9/1/14,1893.97,1122.2391
9/2/14,1888.09,1120.7339
9/3/14,1889.23,1120.4125
9/4/14,1885.99,1116.9757
9/5/14,1885.18,1115.1435
9/8/14,1885.07,1113.7934
9/9/14,1882.17,1111.9708
9/10/14,1878.9,1109.5673
9/11/14,1879.46,1109.8136
9/12/14,1873.04,1109.5856
9/15/14,1874.77,1108.8106
9/16/14,1874.98,1107.4999
9/17/14,1873.62,1107.9562
9/18/14,1872.43,1108.1986
9/19/14,1876.24,1108.1554
9/22/14,1878.52,1107.8505
9/23/14,1881.09,1106.6066
9/24/14,1878.22,1104.436
9/25/14,1882.77,1101.1974
9/26/14,1880.4,1096.5482
9/29/14,1882.74,1093.5878
9/30/14,1881.11,1094.4261
10/1/14,1890.44,1094.6822
10/2/14,1888.14,1095.3315
10/3/14,1888.08,1094.9195
10/6/14,1890.99,1097.8346
10/7/14,1896.81,1097.6432
10/8/14,1899.33,1096.6243
10/9/14,1899.13,1096.0509
10/10/14,1899.96,1089.7905
10/13/14,1899.96,1090.1831
10/14/14,1907.91,1086.6773
10/15/14,1916.87,1082.0661
10/16/14,1910.4,1081.2589
10/17/14,1908.51,1090.7717
10/20/14,1910.58,1092.6271
10/21/14,1909.34,1096.4582
10/22/14,1907.63,1097.3564
10/23/14,1903.54,1098.4209
10/24/14,1903.64,1099.3764
10/27/14,1905.43,1100.724
10/28/14,1903.45,1102.7161
10/29/14,1900.15,1104.1387
10/30/14,1901.67,1101.2672
10/31/14,1899.6,1101.094
11/3/14,1898.28,1100.7586
11/4/14,1898.52,1099.9024
11/5/14,1898.05,1098.8217
11/6/14,1896.04,1097.5148
11/7/14,1901.06,1096.787
11/10/14,1897.28,1097.384
11/11/14,1897.28,1097.459
11/12/14,1897.99,1097.7532
11/13/14,1898.88,1096.3806
11/14/14,1900.82,1094.3751
11/17/14,1899.77,1092.4933
11/18/14,1900.28,1091.9379
11/19/14,1897.79,1090.6373
11/20/14,1899.75,1089.4838
11/21/14,1902.57,1090.7178
11/24/14,1904.11,1092.3555
11/25/14,1908.27,1094.0419
11/26/14,1910,1095.239
11/27/14,1910,1094.6181
11/28/14,1913.08,1093.0186
12/1/14,1910.93,1086.7428
12/2/14,1905.15,1083.0282
12/3/14,1905.1,1082.0619
12/4/14,1907.69,1083.8996
12/5/14,1902.92,1080.2637
12/8/14,1907.04,1077.3212
12/9/14,1908.97,1073.4401
12/10/14,1912.46,1067.94
12/11/14,1911.12,1064.5721
12/12/14,1916.65,1059.3102
12/15/14,1913.76,1053.1369
12/16/14,1915.9,1046.7425
12/17/14,1911.28,1050.1632
12/18/14,1908.92,1060.6046
12/19/14,1911.42,1064.0123
12/22/14,1913.1,1066.8072
12/23/14,1905.8,1066.5461
12/24/14,1906.38,1067.3188
12/25/14,1906.38,1067.3188
12/26/14,1907.87,1067.665
12/29/14,1911.7,1068.0643
12/30/14,1913.34,1067.898
12/31/14,1914.87,1066.9474
1/1/15,1914.87,1066.9474
1/2/15,1919.31,1065.591
1/5/15,1925.4,1060.5157
1/6/15,1931.52,1055.0083
1/7/15,1931.91,1054.9184
1/8/15,1927.8,1058.9592
1/9/15,1931.54,1061.1578
1/12/15,1936.14,1060.1953
1/13/15,1937.67,1058.975
1/14/15,1941.08,1056.7023
1/15/15,1945.93,1054.7535
1/16/15,1940.79,1052.4496
1/19/15,1940.79,1054.7905
1/20/15,1942.19,1055.0213
1/21/15,1938.8,1054.8981
1/22/15,1937.13,1053.8275
1/23/15,1943.59,1054.1234
1/26/15,1942.39,1055.0826
1/27/15,1943.1,1057.7216
1/28/15,1951.07,1058.1681
1/29/15,1948.51,1057.6702
1/30/15,1955.02,1056.8248
2/2/15,1955.55,1058.1559
2/3/15,1947.34,1063.7298
2/4/15,1946.46,1064.9659
2/5/15,1945.44,1066.9632
2/6/15,1935.38,1069.0155
2/9/15,1935.22,1069.3596
2/10/15,1931.74,1068.9177
2/11/15,1932,1068.2207
2/12/15,1933.37,1071.1826
2/13/15,1930.84,1074.0931
2/16/15,1930.84,1074.2206
2/17/15,1921.31,1075.3965
2/18/15,1928.29,1076.7991
2/19/15,1925.44,1076.7712
2/20/15,1924.09,1077.0472
2/23/15,1930.34,1077.6985
2/24/15,1937.1,1079.4063
2/25/15,1938.47,1081.6713
2/26/15,1934.58,1081.3721
2/27/15,1936.64,1083.098
3/2/15,1929.91,1083.1793
3/3/15,1926.97,1083.126
3/4/15,1927.5,1080.0543
3/5/15,1929.05,1080.054
3/6/15,1917.72,1076.3377
3/9/15,1921.59,1074.9843
3/10/15,1926.59,1069.6528
3/11/15,1928.09,1067.5208
3/12/15,1929.46,1068.7449
3/13/15,1928,1064.1133
3/16/15,1928.78,1063.313
3/17/15,1931.26,1060.9812
3/18/15,1941.3,1060.8354
3/19/15,1939.22,1063.5914
3/20/15,1943.29,1069.2147
3/23/15,1944.74,1072.6742
3/24/15,1948.11,1073.4629
3/25/15,1944.65,1076.3911
3/26/15,1937.23,1074.7468
3/27/15,1943.39,1075.3857
3/30/15,1942.62,1075.1003
3/31/15,1945.63,1073.8359
4/1/15,1951.56,1075.3205
4/2/15,1948.32,1078.7264
4/3/15,1954.21,1078.8762
4/6/15,1949.24,1080.6576
4/7/15,1950.82,1083.3355
4/8/15,1951.44,1084.7956
4/9/15,1946.07,1084.4145
4/10/15,1946.45,1085.4751
4/13/15,1948.46,1085.7948
4/14/15,1951.46,1087.865
4/15/15,1951.67,1087.6409
4/16/15,1953.08,1089.4929
4/17/15,1954.95,1089.5129
4/20/15,1951.12,1089.779
4/21/15,1950.36,1089.2802
4/22/15,1945.36,1090.139
4/23/15,1947.65,1092.0863
4/24/15,1950.27,1095.0748
4/27/15,1949.92,1096.3452
4/28/15,1945.11,1097.8549
4/29/15,1939.82,1099.8347
4/30/15,1938.65,1100.5377
5/1/15,1932.34,1100.5705
5/4/15,1930.5,1101.3886
5/5/15,1927.11,1100.9102
5/6/15,1921.99,1102.3641
5/7/15,1926.75,1099.5155
5/8/15,1930.66,1102.146
5/11/15,1919.93,1102.035
5/12/15,1920.98,1101.0291
5/13/15,1919.49,1105.1665
5/14/15,1923,1105.8558
5/15/15,1931.33,1108.4807
5/18/15,1924.26,1106.9169
5/19/15,1920.85,1101.8317
5/20/15,1921.34,1101.0307
5/21/15,1926.32,1103.1986
5/22/15,1922.15,1101.5491
5/25/15,1922.15,1101.5491
5/26/15,1929.9,1099.4145
5/27/15,1930.22,1098.7595
5/28/15,1930.89,1099.0699
5/29/15,1933.98,1099.9619
6/1/15,1924.8,1097.8946
6/2/15,1918.64,1100.8865
6/3/15,1910.67,1101.8247
6/4/15,1916.28,1100.0635
6/5/15,1907.8,1093.8749
6/8/15,1910.41,1094.2773
6/9/15,1906.42,1093.2233
6/10/15,1900.87,1094.7885
6/11/15,1909.44,1094.6452
6/12/15,1908.7,1095.0404
6/15/15,1910.11,1091.9921
6/16/15,1913.02,1089.6056
6/17/15,1914.37,1090.6087
6/18/15,1911.33,1094.7407
6/19/15,1918.29,1094.777
6/22/15,1910.28,1098.4218
6/23/15,1906.36,1096.0801
6/24/15,1910.16,1096.1432
6/25/15,1908.44,1095.2991
6/26/15,1900.97,1093.0404
6/29/15,1912.24,1087.7079
6/30/15,1912.89,1087.6021
7/1/15,1905.57,1088.6852
7/2/15,1908.84,1089.6469
7/3/15,1908.84,1089.5251
7/6/15,1918.65,1086.5056
7/7/15,1922.34,1081.8557
7/8/15,1925.01,1081.595
7/9/15,1916.49,1082.9026
7/10/15,1906.79,1087.4793
7/13/15,1906.61,1086.9669
7/14/15,1909.48,1087.2205
7/15/15,1913.81,1087.711
7/16/15,1913.66,1087.863
7/17/15,1914.74,1086.3824
7/20/15,1912.24,1086.0473
7/21/15,1915.16,1085.3251
7/22/15,1916.71,1081.5931
7/23/15,1920.11,1081.9534
7/24/15,1920,1080.5141
7/27/15,1922.9,1078.9567
7/28/15,1921.7,1078.4801
7/29/15,1919.74,1081.5461
7/30/15,1920.96,1081.8031
7/31/15,1926.19,1084.2542
8/3/15,1930.78,1082.2266
8/4/15,1924.9,1081.4871
8/5/15,1920.1,1079.758
8/6/15,1923,1077.5238
8/7/15,1927.35,1075.1585
8/10/15,1922.38,1075.7386
8/11/15,1930.92,1074.3775
8/12/15,1930.58,1073.932
8/13/15,1925.41,1074.0845
8/14/15,1924.64,1073.5589
8/17/15,1928.71,1072.9461
8/18/15,1924.94,1071.4414
8/19/15,1930.96,1070.0029
8/20/15,1933.73,1069.696
8/21/15,1935.92,1068.4894
8/24/15,1938.83,1063.5045
8/25/15,1927.04,1064.7124
8/26/15,1923.97,1064.048
8/27/15,1926.17,1066.079
8/28/15,1924.58,1069.6702
8/31/15,1923.42,1070.7126
9/1/15,1925.13,1070.2624
9/2/15,1923.09,1069.7998
9/3/15,1926.28,1069.2824
9/4/15,1929.86,1069.5699
9/7/15,1929.86,1070.52
9/8/15,1924.73,1073.1164
9/9/15,1927.57,1075.5251
9/10/15,1924.28,1075.8135
9/11/15,1927.61,1076.7828
9/14/15,1927.8,1076.7344
9/15/15,1918.23,1075.9177
9/16/15,1917.21,1075.5102
9/17/15,1926.62,1076.0841
9/18/15,1934.26,1076.8867
9/21/15,1926.41,1072.2767
9/22/15,1933.77,1065.4034
9/23/15,1932.32,1064.0078
9/24/15,1933.78,1061.1103
9/25/15,1929.59,1057.5443
9/28/15,1934.72,1049.7301
9/29/15,1936.71,1045.664
9/30/15,1936.43,1046.9512
10/1/15,1937.67,1047.9935
10/2/15,1942.76,1047.4556
10/5/15,1938.2,1052.9669
10/6/15,1941.08,1058.5357
10/7/15,1940.33,1064.6273
10/8/15,1936.25,1066.1641
10/9/15,1937.49,1072.3371
10/12/15,1937.49,1073.0833
10/13/15,1941.21,1072.1152
10/14/15,1948.19,1072.9716
10/15/15,1944.43,1073.024
10/16/15,1944.74,1076.1034
10/19/15,1944.64,1076.4669
10/20/15,1940.97,1078.3194
10/21/15,1945.17,1078.4377
10/22/15,1947.13,1075.3206
10/23/15,1942.97,1076.4888
10/26/15,1945.84,1077.9625
10/27/15,1948.21,1076.7258
10/28/15,1942.15,1077.8737
10/29/15,1934.59,1076.3002
10/30/15,1936.76,1078.4776
11/2/15,1934.63,1079.9358
11/3/15,1931.73,1081.6519
11/4/15,1930.3,1080.9701
11/5/15,1929.33,1078.6968
11/6/15,1921.29,1072.8515
11/9/15,1920.36,1069.8151
11/10/15,1922.35,1067.8491
11/11/15,1922.35,1068.7121
11/12/15,1921.67,1065.8647
11/13/15,1924.94,1062.4338
11/16/15,1925.51,1061.1023
11/17/15,1927.25,1063.1701
11/18/15,1927,1063.1161
11/19/15,1929.54,1064.1416
11/20/15,1927.84,1062.5003
11/23/15,1928.67,1061.1414
11/24/15,1929.16,1059.7127
11/25/15,1929.94,1058.9154
11/26/15,1929.94,1059.2051
11/27/15,1930.55,1058.763
11/30/15,1931.64,1058.4725
12/1/15,1937.98,1059.9067
12/2/15,1936.6,1059.2221
12/3/15,1922.56,1060.6881
12/4/15,1928.15,1059.5004
12/7/15,1933.22,1056.8514
12/8/15,1930.6,1051.6392
12/9/15,1933.02,1053.077
12/10/15,1929.73,1050.6173
12/11/15,1937.3,1042.2582
12/14/15,1928.09,1031.7757
12/15/15,1924.83,1035.4128
12/16/15,1922.9,1037.5713
12/17/15,1927.69,1036.3716
12/18/15,1930.46,1031.7178
12/21/15,1930.12,1032.2446
12/22/15,1926.12,1033.8632
12/23/15,1924.05,1035.5248
12/24/15,1926.02,1037.5364
12/25/15,1926.02,1037.5364
12/28/15,1928.23,1038.1767
12/29/15,1920.87,1038.9512
12/30/15,1921.91,1038.6701
12/31/15,1925.4,1037.9328
1/1/16,1925.4,1037.9328
1/4/16,1927.68,1034.6826
1/5/16,1927.32,1035.9686
1/6/16,1934.18,1035.7784
1/7/16,1935.66,1033.4353
1/8/16,1937.73,1035.5883
1/11/16,1935.88,1032.201
1/12/16,1941.11,1028.7758
1/13/16,1943.24,1025.4354
1/14/16,1939.19,1020.0502
1/15/16,1944.16,1013.0921
1/18/16,1944.16,1010.871
1/19/16,1943.51,1011.382
1/20/16,1945.99,1000.8419
1/21/16,1942.9,1002.5517
1/22/16,1941.88,1011.7649
1/25/16,1943.49,1013.0211
1/26/16,1945.57,1014.2899
1/27/16,1945.22,1016.7204
1/28/16,1946.68,1021.152
1/29/16,1951.89,1022.4797
2/1/16,1947.44,1022.8664
2/2/16,1956.07,1019.041
2/3/16,1954.27,1020.4819
2/4/16,1955.8,1023.7285
2/5/16,1956.58,1021.2782
2/8/16,1964.78,1012.2657
2/9/16,1963.8,1010.0346
2/10/16,1966.18,1009.6586
2/11/16,1968.72,1002.9741
2/12/16,1959.73,1004.1398
2/15/16,1959.73,1003.4605
2/16/16,1958.71,1008.0224
2/17/16,1955.63,1014.8138
2/18/16,1961.97,1018.796
2/19/16,1962.61,1017.2041
2/22/16,1962.22,1020.4034
2/23/16,1964.58,1020.731
2/24/16,1964.59,1018.2361
2/25/16,1968.97,1022.0008
2/26/16,1963,1025.4606
2/29/16,1965.74,1029.1258
3/1/16,1958.43,1035.7534
3/2/16,1959.02,1041.1182
3/3/16,1962.16,1046.0772
3/4/16,1958.75,1053.4787
3/7/16,1958.54,1056.038
3/8/16,1964.71,1055.8087
3/9/16,1960.34,1054.8081
3/10/16,1958.99,1060.3163
3/11/16,1957.25,1068.6785
3/14/16,1960.42,1070.2207
3/15/16,1960.52,1065.8985
3/16/16,1964.12,1064.5009
3/17/16,1968.71,1074.8244
3/18/16,1972.23,1079.7645
3/21/16,1968.09,1081.0084
3/22/16,1967.83,1079.3241
3/23/16,1974.13,1076.895
3/24/16,1971.46,1071.7132
3/25/16,1971.46,1071.7132
3/28/16,1973.75,1071.8193
3/29/16,1979.73,1070.9298
3/30/16,1979,1077.9453
3/31/16,1983.77,1080.621
4/1/16,1982.94,1079.839
4/4/16,1984.68,1082.1517
4/5/16,1989.44,1079.4149
4/6/16,1987.07,1081.5206
4/7/16,1993.21,1080.9584
4/8/16,1990.4,1083.5118
4/11/16,1991.38,1086.8602
4/12/16,1987.29,1089.0445
4/13/16,1989.88,1094.4371
4/14/16,1988.8,1096.9333
4/15/16,1991.97,1097.6142
4/18/16,1990.51,1098.0855
4/19/16,1990.62,1104.9524
4/20/16,1985.29,1107.5374
4/21/16,1984.49,1108.0161
4/22/16,1983.47,1107.3263
4/25/16,1982.4,1106.9441
4/26/16,1980.34,1108.5819
4/27/16,1986.32,1111.1366
4/28/16,1988.72,1115.4274
4/29/16,1991.39,1117.8013
5/2/16,1987.08,1117.8667
5/3/16,1992.76,1115.3584
5/4/16,1993.54,1112.4273
5/5/16,1997.05,1111.0712
5/6/16,1994.72,1109.1898
5/9/16,1996.48,1108.4578
5/10/16,1996.88,1110.4778
5/11/16,1999.15,1113.2665
5/12/16,1995.89,1114.1379
5/13/16,2000.31,1112.2518
5/16/16,1995.97,1114.4749
5/17/16,1995.39,1115.9924
5/18/16,1984.01,1114.534
5/19/16,1988.24,1109.1916
5/20/16,1987.85,1111.3582
5/23/16,1988.35,1111.6413
5/24/16,1987.1,1113.4389
5/25/16,1986.41,1116.2802
5/26/16,1991.89,1117.8925
5/27/16,1990.89,1117.1105
5/30/16,1990.89,1117.1105
5/31/16,1991.9,1118.1682
6/1/16,1990.86,1117.3967
6/2/16,1994.18,1119.0402
6/3/16,2004.15,1123.9842
6/6/16,2002.75,1128.4337
6/7/16,2004.36,1132.1098
6/8/16,2005.84,1136.455
6/9/16,2008.81,1134.8154
6/10/16,2011.69,1132.2502
6/13/16,2013.29,1129.9002
6/14/16,2012.45,1122.8132
6/15/16,2014.51,1123.9091
6/16/16,2017.16,1119.3982
6/17/16,2012.7,1123.4018
6/20/16,2010.13,1131.7808
6/21/16,2008.11,1131.3763
6/22/16,2009.1,1133.5904
6/23/16,2005.37,1138.5084
6/24/16,2016.61,1123.8088
6/27/16,2027.45,1114.4756
6/28/16,2027.91,1118.0213
6/29/16,2027.98,1125.8442
6/30/16,2027.69,1128.5293
7/1/16,2031.96,1133.3825
7/4/16,2031.96,1133.8493
7/5/16,2041.9,1134.2509
7/6/16,2039.83,1133.2829
7/7/16,2041.18,1135.7676
7/8/16,2044.06,1139.2961
7/11/16,2039.93,1145.2947
7/12/16,2034.19,1151.17
7/13/16,2038.9,1152.4399
7/14/16,2033.5,1154.4541
7/15/16,2028.2,1154.159
7/18/16,2029.12,1154.6265
7/19/16,2031.66,1154.2087
7/20/16,2029.67,1154.8607
7/21/16,2030.97,1155.5888
7/22/16,2030.84,1155.712
7/25/16,2030.08,1156.0948
7/26/16,2030.18,1154.2505
7/27/16,2034.86,1154.3178
7/28/16,2035.11,1155.7063
7/29/16,2040.51,1157.2689
8/1/16,2036.27,1157.1552
8/2/16,2031.97,1156.1973
8/3/16,2031.77,1155.1775
8/4/16,2036.69,1157.4126
8/5/16,2029.93,1159.4393
8/8/16,2031.04,1162.4503
8/9/16,2035.54,1166.0798
8/10/16,2039.54,1168.8591
8/11/16,2032.84,1169.4239
8/12/16,2038.36,1170.6986
8/15/16,2035.28,1172.9117
8/16/16,2033.46,1175.8935
8/17/16,2035.71,1176.6896
8/18/16,2038.69,1179.1439
8/19/16,2034.68,1178.8061
8/22/16,2039.09,1179.6778
8/23/16,2039.19,1180.6648
8/24/16,2038.9,1179.9342
8/25/16,2037.01,1180.0371
8/26/16,2031.66,1180.7522
8/29/16,2038.89,1181.5927
8/30/16,2038,1180.0951
8/31/16,2038.18,1179.1505
9/1/16,2037.75,1179.6629
9/2/16,2035.14,1180.3761
9/5/16,2035.14,1180.2844
9/6/16,2041.09,1185.0364
9/7/16,2041.4,1186.9027
9/8/16,2033.52,1187.9782
9/9/16,2027.38,1182.0463
9/12/16,2027.61,1179.46
9/13/16,2021.65,1176.8145
9/14/16,2025.83,1175.3806
9/15/16,2025.26,1175.3571
9/16/16,2025.17,1173.1022
9/19/16,2025.87,1174.6918
9/20/16,2026.95,1174.7074
9/21/16,2029.24,1175.1584
9/22/16,2034.06,1184.8352
9/23/16,2035.78,1185.0916
9/26/16,2038.02,1184.8227
9/27/16,2041.13,1183.43
9/28/16,2040.43,1185.0362
9/29/16,2041.77,1187.4718
9/30/16,2036.98,1188.365
10/3/16,2036.01,1189.717
10/4/16,2030.3,1189.4166
10/5/16,2027.87,1190.4181
10/6/16,2026.18,1190.1182
10/7/16,2026.58,1189.2584
10/10/16,2026.58,1188.8421
10/11/16,2024.71,1187.2302
10/12/16,2023.59,1185.9779
10/13/16,2027.94,1185.5934
10/14/16,2023.29,1185.9866
10/17/16,2026.49,1185.7181
10/18/16,2028.55,1186.6888
10/19/16,2028.99,1188.8446
10/20/16,2029.55,1190.4494
10/21/16,2029.88,1190.066
10/24/16,2028.04,1192.1421
10/25/16,2028.37,1192.0174
10/26/16,2025.01,1190.4013
10/27/16,2020.01,1187.4945
10/28/16,2019.77,1185.3366
10/31/16,2021.4,1184.4944
11/1/16,2022.56,1181.8252
11/2/16,2023.46,1180.7788
11/3/16,2022.27,1180.5147
11/4/16,2024.64,1180.3095
11/7/16,2021.97,1182.8663
11/8/16,2018.85,1184.3009
11/9/16,1999.13,1178.7834
11/10/16,1994.66,1171.7267
11/11/16,1994.66,1170.8699
11/14/16,1983.11,1154.8
11/15/16,1983.39,1161.2512
11/16/16,1985.73,1160.8904
11/17/16,1980.74,1162.4078
11/18/16,1974.22,1158.5159
11/21/16,1973.98,1161.3469
11/22/16,1975.49,1163.3268
11/23/16,1971.39,1161.8572
11/24/16,1971.39,1162.6403
11/25/16,1970.32,1163.2203
11/28/16,1976.1,1164.5419
11/29/16,1978.83,1164.7841
11/30/16,1973.59,1165.6997
12/1/16,1966.01,1164.8646
12/2/16,1971.84,1166.5637
12/5/16,1972.37,1170.0533
12/6/16,1971.8,1174.0422
12/7/16,1977.18,1178.9431
12/8/16,1973.8,1177.6622
12/9/16,1966.65,1177.8984
12/12/16,1966.78,1180.6184
12/13/16,1967.23,1183.1514
12/14/16,1962.83,1183.8311
12/15/16,1956.59,1175.2759
12/16/16,1954.59,1175.4209
12/19/16,1960.89,1177.3996
12/20/16,1959.2,1177.0116
12/21/16,1962.45,1179.2506
12/22/16,1962.28,1180.1034
12/23/16,1963.42,1180.9888
12/26/16,1963.42,1180.9888
12/27/16,1961.53,1182.3597
12/28/16,1967.64,1182.281
12/29/16,1971.49,1184.4182
12/30/16,1976.37,1186.0902
1/2/17,1976.37,1186.0902
1/3/17,1975.81,1185.8303
1/4/17,1975.72,1191.2709
1/5/17,1985.25,1196.9913
1/6/17,1979.81,1197.6045
1/9/17,1984.12,1197.5219
1/10/17,1983.83,1198.895
1/11/17,1985.23,1195.7025
1/12/17,1986.02,1199.7032
1/13/17,1983.7,1200.1544
1/16/17,1983.7,1199.6582
1/17/17,1989.79,1203.9284
1/18/17,1982.88,1203.4282
1/19/17,1976.32,1200.4188
1/20/17,1976.87,1201.5921
1/23/17,1984.27,1203.9071
1/24/17,1977.26,1204.69
1/25/17,1972.08,1205.7352
1/26/17,1974.51,1205.2362
1/27/17,1977.6,1206.8884
1/30/17,1977.56,1206.4458
1/31/17,1980.25,1208.0618
2/1/17,1977.78,1208.519
2/2/17,1978.88,1210.6866
2/3/17,1976.85,1212.8838
2/6/17,1985.06,1213.6074
2/7/17,1987.33,1212.606
2/8/17,1991.99,1212.62
2/9/17,1986.6,1212.4567
2/10/17,1985.53,1212.9617
2/13/17,1983.96,1214.5157
2/14/17,1980.53,1214.132
2/15/17,1976.83,1214.0486
2/16/17,1982.41,1216.1084
2/17/17,1985.06,1214.722
2/20/17,1985.06,1214.8463
2/21/17,1984.85,1215.9858
2/22/17,1986.12,1217.6647
2/23/17,1989.74,1220.4936
2/24/17,1997.37,1220.4493
2/27/17,1992.59,1221.8497
2/28/17,1993.56,1223.0509
3/1/17,1982.42,1222.9465
3/2/17,1979.74,1222.0863
3/3/17,1980.38,1222.0962
3/6/17,1980.91,1221.8868
3/7/17,1978.48,1219.8091
3/8/17,1973.46,1214.9826
3/9/17,1967.61,1210.1694
3/10/17,1969.37,1212.1985
3/13/17,1966.71,1211.4
3/14/17,1967.6,1206.9251
3/15/17,1978.23,1209.9738
3/16/17,1977.08,1216.8067
3/17/17,1979.31,1217.6969
3/20/17,1982.72,1218.2816
3/21/17,1986.99,1218.8214
3/22/17,1991.05,1216.3543
3/23/17,1989.09,1217.4204
3/24/17,1991.18,1219.2523
3/27/17,1993.87,1220.7606
3/28/17,1989.71,1221.977
3/29/17,1992.82,1222.1104
3/30/17,1990.03,1224.504
3/31/17,1992.51,1223.7592
4/3/17,1997.77,1223.8738
4/4/17,1997.68,1224.1979
4/5/17,1997.41,1226.2985
4/6/17,1998.86,1227.0969
4/7/17,1995.74,1226.9305
4/10/17,1997.35,1227.558
4/11/17,2004.5,1228.2887
4/12/17,2004.69,1228.0854
4/13/17,2010.98,1228.8411
4/14/17,2010.98,1228.8411
4/17/17,2009.46,1229.2964
4/18/17,2016.63,1231.3829
4/19/17,2014.48,1232.3616
4/20/17,2010.17,1233.7261
4/21/17,2011.04,1233.095
4/24/17,2007.85,1239.0042
4/25/17,2002.14,1241.6863
4/26/17,2004.08,1242.1639
4/27/17,2006.12,1242.6084
4/28/17,2007.89,1244.9389
5/1/17,2003.52,1245.648
5/2/17,2007.24,1246.8525
5/3/17,2006.64,1247.6317
5/4/17,2002.3,1246.0165
5/5/17,2003.26,1245.9136
5/8/17,2001.53,1245.6277
5/9/17,1998.88,1245.2206
5/10/17,1998.89,1246.1514
5/11/17,1999.92,1246.9756
5/12/17,2007.23,1248.8376
5/15/17,2007.47,1251.4479
5/16/17,2008.91,1253.9207
5/17/17,2020.12,1254.0416
5/18/17,2017.52,1249.95
5/19/17,2016.8,1253.7024
5/22/17,2016.7,1255.8024
5/23/17,2013.44,1256.127
5/24/17,2015.53,1256.8404
5/25/17,2017.14,1258.292
5/26/17,2017.39,1257.8983
5/29/17,2017.39,1257.8983
5/30/17,2021.28,1259.1836
5/31/17,2023.34,1260.633
6/1/17,2021.55,1261.3725
6/2/17,2027.23,1263.8567
6/5/17,2025.39,1264.1862
6/6/17,2028.99,1264.5111
6/7/17,2026.25,1263.3987
6/8/17,2024.64,1261.7825
6/9/17,2024.12,1260.7697
6/12/17,2022.77,1261.1731
6/13/17,2023.41,1262.1861
6/14/17,2031.09,1264.9187
6/15/17,2028.49,1260.9812
6/16/17,2029.48,1261.8636
6/19/17,2027.32,1261.5698
6/20/17,2031.57,1258.1995
6/21/17,2031.49,1256.1491
6/22/17,2031.81,1256.0388
6/23/17,2032.99,1258.017
6/26/17,2034.6,1260.0016
6/27/17,2029.25,1261.559
6/28/17,2028.06,1262.8615
6/29/17,2024.24,1263.3258
6/30/17,2021.31,1262.7535
7/3/17,2017.4,1262.3359
7/4/17,2017.4,1262.1273
7/5/17,2019.15,1261.1192
7/6/17,2015.95,1259.8916
7/7/17,2013.89,1257.3706
7/10/17,2016.92,1259.2305
7/11/17,2017.9,1260.0233
7/12/17,2022.5,1263.6387
7/13/17,2020.7,1264.4111
7/14/17,2023.05,1267.4443
7/17/17,2025.01,1269.998
7/18/17,2029.63,1272.9498
7/19/17,2029.88,1273.4234
7/20/17,2030.64,1275.9948
7/21/17,2034.31,1277.219
7/24/17,2032.27,1276.6033
7/25/17,2024.71,1277.1122
7/26/17,2029.59,1278.4807
7/27/17,2027.29,1279.1871
7/28/17,2030.06,1280.5387
7/31/17,2030.01,1281.7559
8/1/17,2034.75,1282.8645
8/2/17,2034.06,1284.2949
8/3/17,2037.5,1286.2108
8/4/17,2033.38,1283.4013
8/7/17,2034.56,1284.9404
8/8/17,2031.74,1283.3953
8/9/17,2035.46,1280.36
8/10/17,2036.83,1277.8041
8/11/17,2038.35,1277.2938
8/14/17,2037.06,1280.0269
8/15/17,2033.06,1278.5084
8/16/17,2037.33,1279.5656
8/17/17,2039.85,1279.8779
8/18/17,2039.82,1279.14
8/21/17,2041.43,1281.1926
8/22/17,2038.65,1280.4244
8/23/17,2042.86,1281.6095
8/24/17,2040.89,1282.8516
8/25/17,2043.17,1285.4494
8/28/17,2044.46,1285.8594
8/29/17,2045.93,1288.7817
8/30/17,2045.43,1288.0958
8/31/17,2048.21,1289.7756
9/1/17,2044.52,1290.3631
9/4/17,2044.52,1290.9583
9/5/17,2053.6,1293.0175
9/6/17,2049.61,1293.9336
9/7/17,2054.45,1296.4089
9/8/17,2053.83,1296.6661
9/11/17,2047.9,1296.5936
9/12/17,2044.49,1296.1775
9/13/17,2042.84,1295.8222
9/14/17,2043.48,1295.894
9/15/17,2043.48,1298.285
9/18/17,2041.44,1298.924
9/19/17,2041.26,1299.1616
9/20/17,2038.38,1299.3958
9/21/17,2038.72,1297.7075
9/22/17,2040.42,1299.0636
9/25/17,2045.01,1297.7869
9/26/17,2044.52,1296.4306
9/27/17,2036.98,1294.5031
9/28/17,2038.55,1296.6867
9/29/17,2038.46,1298.5914
10/2/17,2038.36,1297.5756
10/3/17,2039.48,1298.7781
10/4/17,2039.36,1299.621
10/5/17,2037.37,1299.2394
10/6/17,2035.35,1298.7684
10/9/17,2035.35,1299.144
10/10/17,2038.55,1301.4852
10/11/17,2038.67,1302.4031
10/12/17,2040.7,1302.794
10/13/17,2045.11,1303.7094
10/16/17,2042.54,1303.5832
10/17/17,2043.58,1303.7348
10/18/17,2039.37,1304.9876
10/19/17,2041.15,1306.6995
10/20/17,2035.91,1305.204
10/23/17,2037.83,1305.0167
10/24/17,2035.11,1305.1727
10/25/17,2031.5,1304.4119
10/26/17,2030.6,1301.1122
10/27/17,2033.79,1299.9378
10/30/17,2040.18,1302.6134
10/31/17,2039.64,1303.4085
11/1/17,2039.51,1303.5976
11/2/17,2042.32,1304.6841
11/3/17,2042.78,1300.5243
11/6/17,2045.41,1299.282
11/7/17,2046.23,1296.5538
11/8/17,2044.14,1293.7841
11/9/17,2041.94,1290.618
11/10/17,2034.69,1291.3363
11/13/17,2034.96,1291.6275
11/14/17,2036.88,1290.7486
11/15/17,2040.83,1289.3388
11/16/17,2038.78,1294.1042
11/17/17,2039.59,1295.2318
11/20/17,2038.48,1295.7106
11/21/17,2040.18,1296.6839
11/22/17,2044.93,1299.1675
11/23/17,2044.93,1300.2522
11/24/17,2043.38,1302.8802
11/27/17,2044.57,1303.8361
11/28/17,2044.07,1302.7518
11/29/17,2040.31,1302.3933
11/30/17,2037.02,1303.8109
12/1/17,2042.83,1302.7899
12/4/17,2041.6,1303.6475
12/5/17,2044.26,1304.246
12/6/17,2046.82,1302.7385
12/7/17,2042.53,1301.773
12/8/17,2042.43,1301.3723
12/11/17,2042.1,1302.9463
12/12/17,2041.21,1302.0599
12/13/17,2047.54,1303.0813
12/14/17,2048.67,1303.1487
12/15/17,2048.32,1303.1935
12/18/17,2044.98,1304.7066
12/19/17,2037.67,1304.1094
12/20/17,2033.9,1304.7875
12/21/17,2036.38,1304.6199
12/22/17,2035.93,1304.4199
12/25/17,2035.93,1304.4199
12/26/17,2038.66,1305.3976
12/27/17,2044.89,1307.1707
12/28/17,2043.55,1308.3059
12/29/17,2046.37,1309.8409
1/1/18,2046.37,1309.8409
1/2/18,2040.48,1311.718
1/3/18,2042.81,1314.3876
1/4/18,2042,1318.1841
1/5/18,2039.83,1319.0024
1/8/18,2039.97,1318.445
1/9/18,2033.83,1317.1702
1/10/18,2033.97,1315.7422
1/11/18,2036.71,1317.5268
1/12/18,2036.17,1319.9541
1/15/18,2036.17,1322.526
1/16/18,2037.33,1323.2362
1/17/18,2033.68,1323.1631
1/18/18,2030.32,1322.3572
1/19/18,2027.27,1320.7377
1/22/18,2025.07,1321.8477
1/23/18,2029.05,1324.1915
1/24/18,2026.1,1326.406
1/25/18,2031.16,1329.4433
1/26/18,2026.96,1328.1208
1/29/18,2024.37,1324.9249
1/30/18,2021.3,1323.2395
1/31/18,2022.8,1325.4897
2/1/18,2017.33,1324.814
2/2/18,2009.11,1320.0514
2/5/18,2015.15,1316.8632
2/6/18,2016.27,1311.4955
2/7/18,2009.05,1313.5825
2/8/18,2006.52,1307.2922
2/9/18,2007.17,1297.68
2/12/18,2004.93,1301.3941
2/13/18,2005.19,1299.6226
2/14/18,1997.24,1299.3526
2/15/18,2000.76,1305.9108
2/16/18,2002.96,1309.7391
2/19/18,2002.96,1309.0075
2/20/18,2001.38,1308.3217
2/21/18,1996.33,1307.4011
2/22/18,1998.36,1305.9277
2/23/18,2002.87,1305.6809
2/26/18,2004.42,1308.8081
2/27/18,1999.7,1307.8011
2/28/18,2003.63,1307.0181
3/1/18,2009.14,1304.637
3/2/18,2003.27,1304.0893
3/5/18,2001.22,1305.8747
3/6/18,2002.32,1309.2315
3/7/18,2001.15,1308.0291
3/8/18,2003.2,1307.1832
3/9/18,2000.94,1308.6562
3/12/18,2003.48,1309.5289
3/13/18,2005.04,1310.316
3/14/18,2008.21,1308.9018
3/15/18,2007.15,1307.2351
3/16/18,2005.4,1306.5335
3/19/18,2005.93,1305.6577
3/20/18,2001.88,1303.2968
3/21/18,1999.29,1303.8314
3/22/18,2005.96,1303.5737
3/23/18,2005.99,1302.4583
3/26/18,2005.29,1304.4594
3/27/18,2011.08,1305.8037
3/28/18,2012.11,1304.3486
3/29/18,2016.48,1305.1303
3/30/18,2016.48,1305.1303
4/2/18,2017.56,1304.8305
4/3/18,2012.77,1304.4238
4/4/18,2012.6,1305.1696
4/5/18,2009.57,1307.0769
4/6/18,2015.39,1308.627
4/9/18,2015.42,1309.9046
4/10/18,2014.48,1312.3947
4/11/18,2015.81,1313.6162
4/12/18,2011.59,1314.271
4/13/18,2011.83,1315.7628
4/16/18,2012.48,1317.527
4/17/18,2014.44,1318.1993
4/18/18,2008.75,1318.7721
4/19/18,2003.4,1315.0326
4/20/18,1999.33,1311.6084
4/23/18,1997.41,1308.6613
4/24/18,1995.87,1307.1351
4/25/18,1991.69,1303.1145
4/26/18,1995.26,1303.2226
4/27/18,1999.46,1302.5614
4/30/18,2001.48,1302.1558
5/1/18,1996.87,1298.113
5/2/18,1997.74,1295.9218
5/3/18,1999.47,1293.3098
5/4/18,1999.85,1292.2269
5/7/18,2000.06,1292.7523
5/8/18,1997.92,1288.7165
5/9/18,1994.86,1287.3323
5/10/18,1998.55,1291.4487
5/11/18,1999.69,1294.1985
5/14/18,1998.52,1294.9863
5/15/18,1989.01,1289.5137
5/16/18,1987.75,1289.0037
5/17/18,1986.16,1288.4177
5/18/18,1990.49,1286.3308
5/21/18,1991,1285.7185
5/22/18,1991.1,1287.8853
5/23/18,1997.45,1286.3731
5/24/18,2000.66,1287.9565
5/25/18,2005.31,1286.6226
5/28/18,2005.31,1286.6226
5/29/18,2021.93,1281.603
5/30/18,2014,1282.352
5/31/18,2015.76,1282.5434
6/1/18,2008.58,1281.8031
6/4/18,2004.95,1285.052
6/5/18,2006.3,1285.9132
6/6/18,2000.33,1287.4557
6/7/18,2004.65,1288.6956
6/8/18,2004.07,1286.9447
6/11/18,2002.02,1288.1548
6/12/18,2002.64,1287.0796
6/13/18,2000.53,1286.9454
6/14/18,2004.46,1285.8102
6/15/18,2006.59,1283.9532
6/18/18,2005.97,1281.4126
6/19/18,2008.53,1277.5346
6/20/18,2005.24,1280.8031
6/21/18,2006.86,1282.0593
6/22/18,2006.38,1284.6442
6/25/18,2008.59,1283.178
6/26/18,2008.64,1281.2922
6/27/18,2014.46,1278.5197
6/28/18,2012.55,1274.3171
6/29/18,2013.28,1276.7616
7/2/18,2011.54,1273.0131
7/3/18,2014.98,1276.3164
7/4/18,2014.98,1276.4658
7/5/18,2015.82,1279.8605
7/6/18,2018.09,1283.3235
7/9/18,2016.53,1287.2867
7/10/18,2015.85,1287.5391
7/11/18,2018.8,1285.9929
7/12/18,2018.74,1286.5451
7/13/18,2021.77,1288.1866
7/16/18,2019.25,1289.1996
7/17/18,2018.7,1288.4054
7/18/18,2017.98,1288.4594
7/19/18,2021.15,1288.2341
7/20/18,2016.27,1290.7954
7/23/18,2009.32,1291.1628
7/24/18,2012.33,1291.8741
7/25/18,2014.16,1292.7165
7/26/18,2011.05,1295.0984
7/27/18,2012.76,1295.9743
7/30/18,2011.77,1297.4679
7/31/18,2013.76,1297.8874
8/1/18,2009.79,1296.3605
8/2/18,2011.59,1293.6814
8/3/18,2015.66,1294.9114
8/6/18,2017.74,1294.8166
8/7/18,2014.03,1295.651
8/8/18,2014.21,1294.5759
8/9/18,2017.3,1292.2616
8/10/18,2024.22,1283.6921
8/13/18,2021.74,1276.467
8/14/18,2020.32,1278.8423
8/15/18,2024.51,1276.6715
8/16/18,2023.51,1281.4511
8/17/18,2023.86,1281.5886
8/20/18,2029.58,1282.8506
8/21/18,2027.49,1286.2609
8/22/18,2029.14,1289.2288
8/23/18,2029.58,1288.3914
8/24/18,2029.13,1289.3582
8/27/18,2027.53,1290.1964
8/28/18,2024.03,1291.7557
8/29/18,2024.04,1290.5236
8/30/18,2025.98,1286.3433
8/31/18,2026.72,1284.472
9/3/18,2026.72,1284.0487
9/4/18,2021.18,1280.415
9/5/18,2021.24,1282.1308
9/6/18,2024.59,1284.0773
9/7/18,2017.69,1283.6047
9/10/18,2019.19,1284.0095
9/11/18,2015.14,1283.4875
9/12/18,2017.61,1286.5435
9/13/18,2018.47,1291.1965
9/14/18,2015.54,1292.6111
9/17/18,2015.21,1294.3538
9/18/18,2010.13,1294.4211
9/19/18,2006.63,1295.2306
9/20/18,2008.66,1299.4589
9/21/18,2010.28,1301.2626
9/24/18,2009.7,1302.3179
9/25/18,2007.26,1301.8208
9/26/18,2011.9,1302.6078
9/27/18,2013.24,1303.6403
9/28/18,2013.67,1302.0689
10/1/18,2011.72,1302.8213
10/2/18,2014.11,1302.1336
10/3/18,2003.02,1302.1378
10/4/18,1998.34,1295.8451
10/5/18,1994.67,1293.3246
10/8/18,1994.67,1292.4579
10/9/18,1997.73,1290.4817
10/10/18,1995.38,1288.921
10/11/18,2004.47,1288.616
10/12/18,2003.39,1291.0634
10/15/18,2000.96,1292.8927
10/16/18,2002.13,1295.1003
10/17/18,2000.01,1293.9855
10/18/18,1999.49,1290.4241
10/19/18,1995.99,1289.2343
10/22/18,1996.79,1289.0694
10/23/18,1999.29,1285.087
10/24/18,2002.69,1284.1943
10/25/18,2001.92,1281.573
10/26/18,2006.83,1279.5346
10/29/18,2005.62,1280.4692
10/30/18,2002.3,1277.686
10/31/18,1997.76,1278.3626
11/1/18,1999.4,1281.737
11/2/18,1992.1,1283.8193
11/5/18,1994.12,1285.7531
11/6/18,1994.2,1287.3117
11/7/18,1995.77,1290.9571
11/8/18,1993.64,1290.1899
11/9/18,1997.14,1285.3525
11/12/18,1997.14,1282.8442
11/13/18,2000.35,1279.0739
11/14/18,2001.98,1276.1533
11/15/18,2000.76,1271.7116
11/16/18,2006.44,1270.8946
11/19/18,2007.6,1269.8698
11/20/18,2006.5,1263.4557
11/21/18,2006.25,1265.6526
11/22/18,2006.25,1266.3167
11/23/18,2006.99,1263.3795
11/26/18,2006.2,1263.8419
11/27/18,2006.86,1259.8142
11/28/18,2008.49,1263.0458
11/29/18,2008.62,1266.7734
11/30/18,2009.68,1266.1663
12/3/18,2013.34,1272.624
12/4/18,2019.77,1270.7141
12/5/18,2019.77,1269.9493
12/6/18,2023.08,1265.09
12/7/18,2026.85,1267.841
12/10/18,2027.15,1264.4071
12/11/18,2026,1264.7635
12/12/18,2025.25,1268.9789
12/13/18,2025.62,1270.7996
12/14/18,2028.05,1268.527
12/17/18,2031.59,1267.8586
12/18/18,2036.58,1265.2202
12/19/18,2041.66,1265.1744
12/20/18,2038.08,1255.543
12/21/18,2037.24,1253.3193
12/24/18,2040.97,1251.5778
12/25/18,2040.97,1251.5778
12/26/18,2036.14,1250.4782
12/27/18,2040.71,1251.7411
12/28/18,2041.58,1255.2563
12/31/18,2046.6,1256.6684
1/1/19,2046.6,1256.6684
1/2/19,2049.21,1255.4245
1/3/19,2060.54,1257.1075
1/4/19,2050.97,1266.4637
1/7/19,2050.39,1275.4291
1/8/19,2047.83,1278.9575
1/9/19,2047.91,1286.4521
1/10/19,2046.72,1286.4104
1/11/19,2050.23,1287.137
1/14/19,2049.06,1286.3952
1/15/19,2049.11,1287.8572
1/16/19,2048.46,1291.3933
1/17/19,2048.01,1291.7606
1/18/19,2046.35,1296.2542
1/21/19,2046.35,1296.386
1/22/19,2051.87,1295.461
1/23/19,2050.4,1297.903
1/24/19,2055.37,1298.901
1/25/19,2052.4,1302.066
1/28/19,2053.77,1301.312
1/29/19,2057.54,1300.992
1/30/19,2060.17,1302.891
1/31/19,2068.34,1311.829
2/1/19,2063.18,1312.718
2/4/19,2060.87,1313.045
2/5/19,2064.7,1316.655
2/6/19,2064.98,1317.001
2/7/19,2069,1313.116
2/8/19,2071.09,1310.686
2/11/19,2068.68,1309.481
2/12/19,2067.15,1313.067
2/13/19,2065.1,1314.681
2/14/19,2069.25,1314.238
2/15/19,2069.13,1315.335
2/18/19,2069.13,1316.6
2/19/19,2072.02,1318.834
2/20/19,2071.32,1320.078
2/21/19,2067.2,1321.004
2/22/19,2071.35,1322.257
2/25/19,2070.41,1325.192
2/26/19,2073.92,1327.314
2/27/19,2068.47,1329.307
2/28/19,2067.14,1330.043
3/1/19,2063.07,1329.134
3/4/19,2066.92,1327.907
3/5/19,2067.21,1326.636
3/6/19,2070.01,1326.334
3/7/19,2075.77,1322.699
3/8/19,2077.11,1319.6015
3/11/19,2076.04,1322.785
3/12/19,2081.23,1326.741
3/13/19,2080.62,1329.342
3/14/19,2078.05,1330.873
3/15/19,2081.88,1333.199
3/18/19,2082.52,1335.02
3/19/19,2081.83,1336.767
3/20/19,2089.18,1337.104
3/21/19,2090.56,1338.981
3/22/19,2099.93,1334.988
3/25/19,2104.72,1334.178
3/26/19,2105.84,1335.276
3/27/19,2110.19,1333.174
3/28/19,2108.81,1332.782
3/29/19,2106.83,1336.199
4/1/19,2098.95,1339.621
4/2/19,2100.71,1339.295
4/3/19,2097.33,1342.114
4/4/19,2098.59,1341.785
4/5/19,2100.6,1343.037
4/8/19,2099.4,1343.845
4/9/19,2101.68,1344.717
4/10/19,2104.22,1344.964
4/11/19,2102.25,1345.769
4/12/19,2098.12,1347.599
4/15/19,2099.2,1348.595
4/16/19,2095.64,1349.401
4/17/19,2096.13,1349.595
4/18/19,2099.43,1347.56
4/19/19,2099.43,1347.56
4/22/19,2096.41,1347.421
4/23/19,2098.91,1347.945
4/24/19,2104.27,1346.759
4/25/19,2103.51,1343.188
4/26/19,2107.33,1344.2301
4/29/19,2104.12,1345.606
4/30/19,2107.37,1347.475
5/1/19,2107.92,1349.193
5/2/19,2103.15,1346.7406
5/3/19,2106.01,1348.351
5/6/19,2109,1348.229
5/7/19,2113.35,1346.578
5/8/19,2110.15,1345.6062
5/9/19,2111.74,1343.003
5/10/19,2112.58,1343.5494
5/13/19,2117.4,1338.794
5/14/19,2116.58,1339.492
5/15/19,2120.83,1339.515
5/16/19,2118.41,1341.084
5/17/19,2119.58,1340.198
5/20/19,2117.52,1340.673
5/21/19,2116.17,1343.265
5/22/19,2119.15,1342.348
5/23/19,2128.75,1338.792
5/24/19,2125.2,1340.413
5/27/19,2125.2,1340.413
5/28/19,2131.17,1339.994
5/29/19,2133.62,1336.008
5/30/19,2135.92,1337.207
5/31/19,2144.78,1333.475
6/3/19,2151.48,1333.514
6/4/19,2147.08,1338.452
6/5/19,2146.85,1342.322
6/6/19,2146.82,1344.529
6/7/19,2152.48,1349.965
6/10/19,2147.64,1353.128
6/11/19,2148.33,1355.109
6/12/19,2149.63,1355.95
6/13/19,2153.77,1355.584
6/14/19,2152.94,1354.354
6/17/19,2154.11,1354.603
6/18/19,2158.22,1358.821
6/19/19,2163.72,1362.935
6/20/19,2169.03,1373.182
6/21/19,2162.42,1372.148
6/24/19,2168.38,1374.261
6/25/19,2170.18,1372.337
6/26/19,2164.67,1371.69
6/27/19,2170.54,1372.981
6/28/19,2171.71,1375.872
7/1/19,2169.07,1379.027
7/2/19,2175.11,1378.76
7/3/19,2178.51,1380.313
7/4/19,2178.51,1380.573
7/5/19,2168.5,1378.778
7/8/19,2170.6,1376.799
7/9/19,2167.83,1374.977
7/10/19,2168.14,1376.874
7/11/19,2162.29,1376.66
7/12/19,2163.87,1376.782
7/15/19,2165.98,1378.434
7/16/19,2163.14,1377.601
7/17/19,2170,1377.53
7/18/19,2172.79,1375.501
7/19/19,2172.01,1376.457
7/22/19,2173.6,1377.742
7/23/19,2170.96,1378.423
7/24/19,2174.09,1380.151
7/25/19,2171.49,1381.385
7/26/19,2171.34,1381.587
7/29/19,2174.32,1382.006
7/30/19,2173.33,1380.596
7/31/19,2176.49,1381.765
8/1/19,2190.6,1379.038
8/2/19,2192.69,1376.034
8/5/19,2203.56,1368.636
8/6/19,2204.15,1369.969
8/7/19,2210.01,1369.633
8/8/19,2206.93,1374.179
8/9/19,2205.23,1374.64
8/12/19,2215.71,1363.111
8/13/19,2210.75,1359.371
8/14/19,2220.21,1352.188
8/15/19,2226.25,1352.003
8/16/19,2226.25,1355.378
8/19/19,2219.53,1355.681
8/20/19,2224.23,1356.425
8/21/19,2222.94,1360.497
8/22/19,2219.02,1362.741
8/23/19,2228.11,1362.811
8/26/19,2225.51,1362.867
8/27/19,2232.35,1362.61
8/28/19,2235.1,1361.724
8/29/19,2230.85,1361.676
8/30/19,2232.89,1360.27
9/2/19,2232.89,1359.178
9/3/19,2236.96,1358.769
9/4/19,2238.57,1364.344
9/5/19,2226.31,1367.737
9/6/19,2229.46,1369.706
9/9/19,2222.15,1371.767
9/10/19,2212.05,1370.279
9/11/19,2210.06,1369.382
9/12/19,2204.27,1371.659
9/13/19,2192.49,1370.786
9/16/19,2199.62,1370.586
9/17/19,2202.35,1371.74
9/18/19,2205.95,1373.244
9/19/19,2208.97,1373.484
9/20/19,2211.7,1373.606
9/23/19,2217.19,1372.643
9/24/19,2224.1,1371.233
9/25/19,2212.67,1367.31
9/26/19,2218.49,1367.267
9/27/19,2219.97,1367.574
9/30/19,2221,1366.718
10/1/19,2224.72,1366.342
10/2/19,2228.21,1362.854
10/3/19,2235.38,1363.072
10/4/19,2238.05,1364.441
10/7/19,2233.87,1365.868
10/8/19,2235.18,1362.983
10/9/19,2230.05,1364.135
10/10/19,2222.82,1366.137
10/11/19,2215.03,1369.894
10/14/19,2215.03,1369.524
10/15/19,2214.49,1372.13
10/16/19,2216.89,1372.715
10/17/19,2216.12,1375.364
10/18/19,2217.23,1376.063
10/21/19,2213.54,1376.517
10/22/19,2216.81,1376.736
10/23/19,2217.36,1377.196
10/24/19,2217.15,1378.013
10/25/19,2213.86,1378.754
10/28/19,2209.6,1378.93
10/29/19,2211.87,1379.131
10/30/19,2215.86,1377.51
10/31/19,2227.69,1377.749
11/1/19,2224.32,1380.046
11/4/19,2219.05,1382.7
11/5/19,2210.56,1380.157
11/6/19,2216.57,1379.804
11/7/19,2205.26,1379.559
11/8/19,2204.91,1377.792
11/11/19,2204.91,1378.173
11/12/19,2208.51,1377.526
11/13/19,2212.41,1375.986
11/14/19,2218.29,1376.384
11/15/19,2216.74,1377.68
11/18/19,2219.53,1376.779
11/19/19,2221.91,1374.754
11/20/19,2226.22,1373.692
11/21/19,2222.83,1373.71
11/22/19,2223.16,1373.775
11/25/19,2225.53,1375.438
11/26/19,2229.14,1377.408
11/27/19,2226.43,1377.795
11/28/19,2226.43,1378.153
11/29/19,2226.55,1378.84
12/2/19,2219.43,1377.963
12/3/19,2233.45,1376.923
12/4/19,2226.21,1379.773
12/5/19,2225.22,1381.484
12/6/19,2221.67,1383.03
12/9/19,2223.77,1386.041
12/10/19,2224.21,1387.869
12/11/19,2229.02,1389.736
12/12/19,2218.1,1393.538
12/13/19,2228.17,1397.928
12/16/19,2221.91,1400.281
12/17/19,2222.81,1403.923
12/18/19,2219.75,1406.454
12/19/19,2221.9,1406.407
12/20/19,2221.46,1406.707
12/23/19,2219.8,1407.872
12/24/19,2222.68,1408.79
12/25/19,2222.68,1408.79
12/26/19,2223.5,1409.489
12/27/19,2228.08,1412.647
12/30/19,2226.8,1413.747
12/31/19,2225,1414.563
1/1/20,2225,1414.563
1/2/20,2228.19,1416.167
1/3/20,2236.95,1415.294
1/6/20,2234.05,1415.871
1/7/20,2231.99,1416.404
1/8/20,2226.7,1416.393
1/9/20,2230.06,1417.701
1/10/20,2234.99,1419.333
1/13/20,2233.47,1420.741
1/14/20,2236.36,1421.202
1/15/20,2239.58,1423.19
1/16/20,2238.33,1424.802
1/17/20,2236.24,1424.181
1/20/20,2236.24,1424.075
1/21/20,2243.69,1423.816
1/22/20,2245,1423.333
1/23/20,2248.15,1420.592
1/24/20,2253.9,1418.145
1/27/20,2259.94,1411.336
1/28/20,2256.83,1415.03
1/29/20,2262.25,1416.655
1/30/20,2264.47,1414.994
1/31/20,2267.82,1416.367
2/3/20,2268.43,1416.283
2/4/20,2259.86,1419.059
2/5/20,2256.3,1421.505
2/6/20,2258.57,1423.214
2/7/20,2266.29,1422.274
2/10/20,2269.35,1420.449
2/11/20,2265.87,1423.076
2/12/20,2262.11,1424.466
2/13/20,2263.56,1423.693
2/14/20,2266.91,1425.001
2/17/20,2266.91,1424.847
2/18/20,2270.76,1425.196
2/19/20,2269.42,1425.641
2/20/20,2273.82,1425.785
2/21/20,2279.91,1426.74
2/24/20,2287.94,1418.194
2/25/20,2292.14,1415.055
2/26/20,2293.36,1410.975
2/27/20,2292.49,1401.555
2/28/20,2308.64,1390.434
3/2/20,2311.84,1397.444
3/3/20,2318.97,1408.067
3/4/20,2322.11,1413.713
3/5/20,2328,1407.353
3/6/20,2352.02,1393.204
3/9/20,2359.95,1347.199
3/10/20,2324.35,1342.909
3/11/20,2310.54,1324.307
3/12/20,2291.79,1273.572
3/13/20,2277.54,1270.783
3/16/20,2297.36,1231.833
3/17/20,2264,1209.972
3/18/20,2217.24,1165.249
3/19/20,2211.31,1134.711
3/20/20,2225.32,1135.179
3/23/20,2248.08,1115.034
3/24/20,2255.43,1123.672
3/25/20,2262.99,1148.977
3/26/20,2274.52,1181.935
3/27/20,2284.4,1194.041
3/30/20,2297.24,1194.556
3/31/20,2295.05,1202.082