DATE,EUR_3M,EUR_6M,EUR_2Y,EUR_10Y
1/1/10,0.459,0.546,1.332,3.387
1/4/10,0.446,0.527,1.347,3.391
1/5/10,0.442,0.508,1.286,3.373
1/6/10,0.439,0.484,1.294,3.381
1/7/10,0.43,0.463,1.264,3.37
1/8/10,0.429,0.46,1.244,3.385
1/11/10,0.43,0.441,1.225,3.347
1/12/10,0.429,0.436,1.21,3.313
1/13/10,0.409,0.435,1.198,3.303
1/14/10,0.396,0.427,1.179,3.298
1/15/10,0.387,0.412,1.135,3.262
1/18/10,0.381,0.412,1.141,3.248
1/19/10,0.38,0.416,1.178,3.277
1/20/10,0.387,0.417,1.134,3.223
1/21/10,0.379,0.41,1.12,3.207
1/22/10,0.383,0.421,1.112,3.215
1/25/10,0.382,0.42,1.11,3.217
1/26/10,0.386,0.427,1.119,3.207
1/27/10,0.38,0.426,1.131,3.2
1/28/10,0.378,0.427,1.12,3.201
1/29/10,0.387,0.431,1.119,3.196
2/1/10,0.391,0.44,1.122,3.186
2/2/10,0.384,0.431,1.127,3.195
2/3/10,0.385,0.429,1.137,3.223
2/4/10,0.382,0.416,1.064,3.163
2/5/10,0.395,0.422,0.989,3.12
2/8/10,0.396,0.426,0.996,3.145
2/9/10,0.39,0.413,1.036,3.152
2/10/10,0.404,0.467,1.042,3.198
2/11/10,0.394,0.45,1.048,3.234
2/12/10,0.393,0.448,0.983,3.192
2/15/10,0.401,0.441,0.973,3.204
2/16/10,0.398,0.447,0.972,3.205
2/17/10,0.387,0.445,1.061,3.194
2/18/10,0.387,0.444,1.076,3.251
2/19/10,0.397,0.446,1.086,3.285
2/22/10,0.397,0.445,1.071,3.27
2/23/10,0.4,0.437,1.008,3.167
2/24/10,0.382,0.363,0.985,3.135
2/25/10,0.388,0.37,0.943,3.11
2/26/10,0.386,0.373,0.955,3.101
3/1/10,0.386,0.396,0.946,3.108
3/2/10,0.384,0.401,0.948,3.116
3/3/10,0.402,0.407,0.972,3.138
3/4/10,0.397,0.391,0.977,3.123
3/5/10,0.391,0.395,1,3.156
3/8/10,0.393,0.388,0.999,3.165
3/9/10,0.389,0.389,0.984,3.132
3/10/10,0.383,0.411,1.01,3.153
3/11/10,0.384,0.414,1.039,3.179
3/12/10,0.387,0.426,1.049,3.167
3/15/10,0.393,0.428,1.034,3.155
3/16/10,0.394,0.428,1.009,3.139
3/17/10,0.38,0.433,0.971,3.111
3/18/10,0.381,0.433,0.993,3.127
3/19/10,0.385,0.443,1.003,3.109
3/22/10,0.384,0.429,0.975,3.07
3/23/10,0.385,0.428,0.96,3.056
3/24/10,0.357,0.428,0.972,3.079
3/25/10,0.357,0.418,0.996,3.152
3/26/10,0.36,0.426,1,3.15
3/29/10,0.4,0.427,0.98,3.132
3/30/10,0.403,0.435,0.97,3.11
3/31/10,0.41,0.44,0.958,3.092
4/1/10,0.421,0.469,0.952,3.088
4/2/10,0.428,0.467,0.955,3.088
4/5/10,0.419,0.467,0.954,3.09
4/6/10,0.416,0.468,0.979,3.143
4/7/10,0.396,0.487,0.953,3.119
4/8/10,0.385,0.474,0.917,3.096
4/9/10,0.388,0.482,0.968,3.166
4/12/10,0.389,0.49,0.993,3.177
4/13/10,0.387,0.488,0.972,3.146
4/14/10,0.386,0.474,0.953,3.138
4/15/10,0.383,0.479,0.939,3.132
4/16/10,0.361,0.471,0.889,3.084
4/19/10,0.361,0.462,0.874,3.078
4/20/10,0.363,0.464,0.893,3.098
4/21/10,0.353,0.429,0.876,3.079
4/22/10,0.348,0.439,0.865,3.052
4/23/10,0.346,0.449,0.902,3.061
4/26/10,0.344,0.446,0.879,3.046
4/27/10,0.35,0.452,0.804,2.939
4/28/10,0.351,0.446,0.792,3.037
4/29/10,0.357,0.44,0.798,3.062
4/30/10,0.368,0.443,0.771,3.017
5/3/10,0.376,0.445,0.813,3.065
5/4/10,0.384,0.455,0.713,2.949
5/5/10,0.328,0.409,0.604,2.861
5/6/10,0.334,0.412,0.518,2.793
5/7/10,0.313,0.386,0.532,2.797
5/10/10,0.325,0.365,0.602,2.955
5/11/10,0.323,0.361,0.579,2.937
5/12/10,0.345,0.34,0.64,2.942
5/13/10,0.346,0.338,0.603,2.94
5/14/10,0.345,0.354,0.556,2.86
5/17/10,0.332,0.339,0.565,2.863
5/18/10,0.345,0.336,0.561,2.831
5/19/10,0.292,0.335,0.509,2.766
5/20/10,0.285,0.334,0.481,2.685
5/21/10,0.291,0.345,0.512,2.666
5/24/10,0.288,0.348,0.515,2.655
5/25/10,0.254,0.321,0.472,2.578
5/26/10,0.303,0.299,0.5,2.645
5/27/10,0.303,0.292,0.539,2.704
5/28/10,0.305,0.29,0.519,2.682
5/31/10,0.307,0.292,0.514,2.66
6/1/10,0.32,0.297,0.499,2.675
6/2/10,0.263,0.268,0.5,2.655
6/3/10,0.267,0.266,0.501,2.676
6/4/10,0.27,0.28,0.476,2.584
6/7/10,0.289,0.297,0.483,2.563
6/8/10,0.288,0.288,0.455,2.512
6/9/10,0.284,0.294,0.484,2.567
6/10/10,0.284,0.285,0.512,2.61
6/11/10,0.295,0.295,0.464,2.566
6/14/10,0.303,0.308,0.495,2.638
6/15/10,0.312,0.311,0.509,2.674
6/16/10,0.31,0.354,0.497,2.671
6/17/10,0.311,0.364,0.52,2.663
6/18/10,0.327,0.366,0.581,2.729
6/21/10,0.362,0.381,0.633,2.766
6/22/10,0.369,0.381,0.581,2.692
6/23/10,0.382,0.398,0.586,2.647
6/24/10,0.384,0.393,0.536,2.602
6/25/10,0.363,0.372,0.569,2.611
6/28/10,0.429,0.459,0.562,2.585
6/29/10,0.422,0.443,0.548,2.559
6/30/10,0.4,0.49,0.6,2.577
7/1/10,0.341,0.504,0.677,2.566
7/2/10,0.319,0.483,0.666,2.583
7/5/10,0.343,0.473,0.625,2.543
7/6/10,0.38,0.496,0.648,2.589
7/7/10,0.378,0.534,0.672,2.598
7/8/10,0.423,0.595,0.724,2.632
7/9/10,0.429,0.583,0.768,2.634
7/12/10,0.402,0.541,0.695,2.589
7/13/10,0.422,0.564,0.728,2.641
7/14/10,0.447,0.549,0.768,2.655
7/15/10,0.491,0.549,0.785,2.653
7/16/10,0.521,0.575,0.776,2.606
7/19/10,0.564,0.604,0.824,2.65
7/20/10,0.567,0.573,0.775,2.636
7/21/10,0.524,0.638,0.726,2.638
7/22/10,0.51,0.631,0.703,2.665
7/23/10,0.516,0.631,0.749,2.706
7/26/10,0.513,0.62,0.831,2.761
7/27/10,0.528,0.609,0.876,2.77
7/28/10,0.562,0.587,0.85,2.749
7/29/10,0.546,0.57,0.833,2.717
7/30/10,0.543,0.56,0.784,2.669
8/2/10,0.517,0.552,0.786,2.698
8/3/10,0.518,0.553,0.725,2.607
8/4/10,0.506,0.572,0.735,2.604
8/5/10,0.511,0.585,0.746,2.562
8/6/10,0.52,0.598,0.746,2.519
8/9/10,0.513,0.591,0.72,2.525
8/10/10,0.497,0.569,0.705,2.537
8/11/10,0.495,0.534,0.691,2.428
8/12/10,0.489,0.509,0.663,2.421
8/13/10,0.49,0.495,0.655,2.393
8/16/10,0.489,0.489,0.644,2.33
8/17/10,0.487,0.498,0.668,2.363
8/18/10,0.45,0.501,0.652,2.347
8/19/10,0.451,0.502,0.658,2.312
8/20/10,0.43,0.465,0.61,2.271
8/23/10,0.438,0.459,0.608,2.286
8/24/10,0.447,0.463,0.586,2.18
8/25/10,0.485,0.489,0.588,2.146
8/26/10,0.486,0.491,0.607,2.157
8/27/10,0.495,0.498,0.633,2.2
8/30/10,0.494,0.495,0.605,2.135
8/31/10,0.49,0.49,0.59,2.116
9/1/10,0.435,0.486,0.616,2.224
9/2/10,0.427,0.482,0.615,2.283
9/3/10,0.435,0.492,0.641,2.354
9/6/10,0.434,0.493,0.632,2.336
9/7/10,0.442,0.497,0.573,2.255
9/8/10,0.445,0.519,0.629,2.297
9/9/10,0.447,0.533,0.7,2.336
9/10/10,0.449,0.542,0.736,2.4
9/13/10,0.447,0.537,0.745,2.427
9/14/10,0.449,0.534,0.72,2.371
9/15/10,0.435,0.541,0.751,2.404
9/16/10,0.45,0.54,0.811,2.478
9/17/10,0.459,0.541,0.774,2.427
9/20/10,0.446,0.538,0.807,2.467
9/21/10,0.458,0.535,0.796,2.453
9/22/10,0.473,0.528,0.75,2.349
9/23/10,0.472,0.523,0.695,2.285
9/24/10,0.48,0.536,0.729,2.342
9/27/10,0.495,0.568,0.721,2.269
9/28/10,0.495,0.569,0.733,2.246
9/29/10,0.505,0.59,0.785,2.24
9/30/10,0.605,0.666,0.834,2.278
10/1/10,0.629,0.69,0.853,2.286
10/4/10,0.611,0.668,0.83,2.252
10/5/10,0.599,0.666,0.803,2.279
10/6/10,0.606,0.666,0.771,2.224
10/7/10,0.611,0.668,0.802,2.262
10/8/10,0.617,0.668,0.786,2.254
#########,0.628,0.672,0.793,2.272
#########,0.616,0.659,0.776,2.243
#########,0.62,0.653,0.783,2.282
#########,0.635,0.67,0.797,2.295
#########,0.656,0.692,0.814,2.371
#########,0.693,0.746,0.885,2.385
#########,0.703,0.759,0.897,2.414
#########,0.726,0.81,0.958,2.44
#########,0.71,0.825,0.996,2.484
#########,0.725,0.841,1.003,2.474
#########,0.728,0.839,0.963,2.45
#########,0.762,0.875,1.011,2.507
#########,0.76,0.872,1.02,2.565
#########,0.77,0.882,1.029,2.564
#########,0.767,0.867,0.989,2.518
11/1/10,0.764,0.863,0.978,2.481
11/2/10,0.779,0.859,0.991,2.47
11/3/10,0.784,0.818,0.962,2.418
11/4/10,0.78,0.81,0.925,2.396
11/5/10,0.783,0.821,0.915,2.417
11/8/10,0.798,0.844,0.922,2.39
11/9/10,0.795,0.825,0.928,2.407
#########,0.788,0.827,0.97,2.441
#########,0.789,0.834,0.945,2.435
#########,0.773,0.82,1.024,2.512
#########,0.754,0.806,1.042,2.563
#########,0.743,0.798,1.057,2.622
#########,0.74,0.787,1.046,2.601
#########,0.753,0.803,1.108,2.704
#########,0.772,0.82,1.107,2.703
#########,0.76,0.802,1.036,2.65
#########,0.735,0.769,0.93,2.552
#########,0.693,0.751,0.966,2.711
#########,0.693,0.76,0.959,2.712
#########,0.682,0.753,0.928,2.734
#########,0.677,0.754,0.913,2.757
#########,0.672,0.758,0.856,2.67
12/1/10,0.682,0.738,0.873,2.78
12/2/10,0.679,0.739,0.864,2.819
12/3/10,0.684,0.749,0.858,2.857
12/6/10,0.665,0.73,0.809,2.853
12/7/10,0.664,0.731,0.869,2.948
12/8/10,0.66,0.731,0.999,3.014
12/9/10,0.637,0.708,1.019,2.947
#########,0.639,0.72,1.078,2.954
#########,0.633,0.706,1.062,2.976
#########,0.624,0.666,1.084,3.026
#########,0.634,0.664,1.065,3.03
#########,0.636,0.664,1.078,3.065
#########,0.633,0.645,1.058,3.029
#########,0.61,0.651,1.032,2.967
#########,0.612,0.638,1.036,2.986
#########,0.511,0.593,0.953,2.952
#########,0.502,0.586,0.94,2.977
#########,0.509,0.585,0.943,2.982
#########,0.514,0.592,0.947,3.031
#########,0.505,0.587,0.891,2.976
#########,0.509,0.586,0.889,3.018
#########,0.519,0.588,0.863,2.959
#########,0.509,0.574,0.864,2.963
1/3/11,0.523,0.591,0.825,2.922
1/4/11,0.479,0.588,0.824,2.891
1/5/11,0.553,0.57,0.907,2.938
1/6/11,0.519,0.559,0.896,2.913
1/7/11,0.519,0.56,0.866,2.869
1/10/11,0.518,0.561,0.862,2.87
1/11/11,0.517,0.572,0.894,2.925
1/12/11,0.49,0.559,0.982,3.052
1/13/11,0.508,0.57,1.088,3.044
1/14/11,0.549,0.599,1.151,3.028
1/17/11,0.542,0.589,1.138,3.038
1/18/11,0.591,0.634,1.199,3.115
1/19/11,0.564,0.644,1.159,3.105
1/20/11,0.628,0.689,1.252,3.163
1/21/11,0.65,0.745,1.289,3.176
1/24/11,0.627,0.712,1.255,3.15
1/25/11,0.627,0.712,1.267,3.144
1/26/11,0.627,0.712,1.317,3.183
1/27/11,0.651,0.719,1.365,3.205
1/28/11,0.663,0.766,1.362,3.146
1/31/11,0.671,0.786,1.368,3.153
2/1/11,0.636,0.765,1.405,3.219
2/2/11,0.634,0.759,1.482,3.257
2/3/11,0.601,0.748,1.351,3.214
2/4/11,0.642,0.766,1.435,3.259
2/7/11,0.576,0.733,1.36,3.25
2/8/11,0.647,0.802,1.433,3.253
2/9/11,0.771,0.876,1.455,3.305
2/10/11,0.754,0.863,1.447,3.299
2/11/11,0.751,0.852,1.406,3.292
2/14/11,0.749,0.836,1.395,3.294
2/15/11,0.647,0.785,1.407,3.28
2/16/11,0.634,0.774,1.377,3.235
2/17/11,0.641,0.758,1.319,3.181
2/18/11,0.622,0.771,1.396,3.252
2/21/11,0.671,0.808,1.376,3.182
2/22/11,0.7,0.85,1.422,3.144
2/23/11,0.689,0.849,1.541,3.138
2/24/11,0.681,0.839,1.526,3.129
2/25/11,0.684,0.838,1.536,3.15
2/28/11,0.692,0.832,1.511,3.169
3/1/11,0.679,0.827,1.522,3.177
3/2/11,0.711,0.861,1.538,3.195
3/3/11,0.8,1.011,1.773,3.325
3/4/11,0.818,0.983,1.76,3.272
3/7/11,0.806,0.978,1.748,3.271
3/8/11,0.762,0.979,1.741,3.304
3/9/11,0.869,0.964,1.73,3.289
3/10/11,0.771,0.949,1.695,3.248
3/11/11,0.746,0.935,1.647,3.212
3/14/11,0.744,0.919,1.635,3.225
3/15/11,0.732,0.904,1.524,3.136
3/16/11,0.713,0.904,1.47,3.089
3/17/11,0.741,0.919,1.565,3.167
3/18/11,0.767,0.953,1.629,3.187
3/21/11,0.776,0.983,1.728,3.232
3/22/11,0.753,0.994,1.699,3.256
3/23/11,0.793,0.989,1.687,3.235
3/24/11,0.822,0.999,1.677,3.243
3/25/11,0.829,1.021,1.729,3.278
3/28/11,0.839,1.043,1.732,3.289
3/29/11,0.849,1.033,1.772,3.331
3/30/11,0.813,1.029,1.755,3.338
3/31/11,0.802,1.014,1.787,3.352
4/1/11,0.798,1.01,1.817,3.371
4/4/11,0.797,0.995,1.806,3.367
4/5/11,0.827,1.001,1.833,3.391
4/6/11,0.852,1.034,1.835,3.429
4/7/11,0.882,1.08,1.824,3.42
4/8/11,0.912,1.124,1.903,3.48
4/11/11,0.902,1.12,1.909,3.489
4/12/11,0.913,1.085,1.85,3.44
4/13/11,0.892,1.092,1.86,3.434
4/14/11,0.882,1.093,1.865,3.427
4/15/11,0.902,1.116,1.842,3.377
4/18/11,0.913,1.102,1.734,3.246
4/19/11,0.934,1.128,1.794,3.274
4/20/11,0.991,1.149,1.826,3.303
4/21/11,0.944,1.125,1.754,3.259
4/22/11,0.942,1.123,1.753,3.259
4/25/11,0.942,1.123,1.753,3.259
4/26/11,0.955,1.111,1.728,3.247
4/27/11,1.011,1.143,1.803,3.29
4/28/11,0.982,1.16,1.768,3.262
4/29/11,0.995,1.17,1.767,3.238
5/2/11,0.986,1.176,1.804,3.244
5/3/11,0.976,1.173,1.874,3.277
5/4/11,1.038,1.23,1.904,3.294
5/5/11,1.002,1.16,1.757,3.213
5/6/11,1.037,1.18,1.757,3.169
5/9/11,1.028,1.187,1.696,3.102
5/10/11,0.998,1.162,1.705,3.121
5/11/11,0.962,1.159,1.798,3.127
5/12/11,0.952,1.151,1.769,3.107
5/13/11,0.964,1.165,1.774,3.076
5/16/11,0.986,1.176,1.804,3.115
5/17/11,0.955,1.163,1.789,3.092
5/18/11,1.011,1.174,1.824,3.119
5/19/11,1.002,1.18,1.829,3.112
5/20/11,0.995,1.159,1.767,3.055
5/23/11,0.986,1.145,1.689,3.013
5/24/11,0.976,1.162,1.704,3.068
5/25/11,0.942,1.138,1.656,3.047
5/26/11,0.932,1.134,1.61,2.995
5/27/11,0.923,1.122,1.559,2.984
5/30/11,0.923,1.123,1.581,2.975
5/31/11,0.944,1.135,1.601,3.019
6/1/11,0.972,1.174,1.607,2.986
6/2/11,1.002,1.18,1.636,2.989
6/3/11,1.016,1.2,1.688,3.057
6/6/11,1.007,1.207,1.662,3.023
6/7/11,1.04,1.245,1.7,3.092
6/8/11,1.071,1.241,1.659,3.053
6/9/11,1.083,1.238,1.61,3.029
6/10/11,1.079,1.219,1.534,2.96
6/13/11,1.091,1.216,1.535,2.957
6/14/11,1.104,1.242,1.588,3.013
6/15/11,1.131,1.229,1.499,2.952
6/16/11,1.163,1.236,1.439,2.915
6/17/11,1.162,1.257,1.51,2.958
6/20/11,1.175,1.248,1.52,2.963
6/21/11,1.189,1.25,1.53,2.978
6/22/11,1.141,1.294,1.477,2.941
6/23/11,1.083,1.267,1.368,2.865
6/24/11,1.079,1.268,1.352,2.833
6/27/11,1.123,1.275,1.381,2.889
6/28/11,1.189,1.302,1.466,2.932
6/29/11,1.19,1.314,1.55,2.982
6/30/11,1.183,1.296,1.603,3.023
7/1/11,1.183,1.308,1.647,3.032
7/4/11,1.165,1.295,1.664,3.018
7/5/11,1.147,1.292,1.637,3.007
7/6/11,1.141,1.328,1.577,2.932
7/7/11,1.123,1.326,1.566,2.965
7/8/11,1.099,1.298,1.449,2.828
7/11/11,1.091,1.235,1.255,2.67
7/12/11,1.083,1.217,1.283,2.709
7/13/11,1.091,1.214,1.273,2.746
7/14/11,1.063,1.211,1.234,2.736
7/15/11,1.079,1.211,1.211,2.694
7/18/11,1.07,1.161,1.189,2.646
7/19/11,1.061,1.157,1.237,2.676
7/20/11,1.061,1.164,1.297,2.765
7/21/11,1.053,1.185,1.417,2.876
7/22/11,1.089,1.189,1.383,2.826
7/25/11,1.07,1.176,1.326,2.762
7/26/11,1.061,1.173,1.333,2.738
7/27/11,1.031,1.124,1.258,2.65
7/28/11,0.952,1.095,1.236,2.632
7/29/11,0.912,1.073,1.158,2.537
8/1/11,0.912,1.022,1.094,2.452
8/2/11,0.891,0.945,1.062,2.414
8/3/11,0.882,1.039,1.044,2.401
8/4/11,0.812,0.885,0.839,2.299
8/5/11,0.736,0.786,0.76,2.345
8/8/11,0.713,0.736,0.718,2.26
8/9/11,0.721,0.745,0.772,2.363
8/10/11,0.733,0.685,0.568,2.19
8/11/11,0.721,0.709,0.656,2.314
8/12/11,0.725,0.756,0.685,2.332
8/15/11,0.744,0.801,0.708,2.324
8/16/11,0.742,0.801,0.733,2.323
8/17/11,0.713,0.77,0.693,2.201
8/18/11,0.681,0.697,0.587,2.086
8/19/11,0.694,0.698,0.642,2.103
8/22/11,0.692,0.692,0.624,2.101
8/23/11,0.711,0.696,0.66,2.126
8/24/11,0.614,0.7,0.71,2.205
8/25/11,0.561,0.664,0.642,2.183
8/26/11,0.57,0.67,0.647,2.154
8/29/11,0.597,0.694,0.736,2.224
8/30/11,0.604,0.698,0.652,2.15
8/31/11,0.654,0.722,0.714,2.217
9/1/11,0.621,0.721,0.639,2.143
9/2/11,0.559,0.659,0.515,2.006
9/5/11,0.545,0.584,0.421,1.845
9/6/11,0.519,0.542,0.431,1.846
9/7/11,0.555,0.58,0.482,1.905
9/8/11,0.561,0.573,0.434,1.868
9/9/11,0.497,0.481,0.386,1.77
9/12/11,0.461,0.474,0.431,1.741
9/13/11,0.488,0.538,0.498,1.792
9/14/11,0.485,0.547,0.558,1.876
9/15/11,0.491,0.555,0.598,1.927
9/16/11,0.476,0.522,0.507,1.861
9/19/11,0.429,0.493,0.462,1.799
9/20/11,0.392,0.486,0.46,1.789
9/21/11,0.436,0.466,0.44,1.77
9/22/11,0.41,0.439,0.397,1.673
9/23/11,0.362,0.421,0.389,1.745
9/26/11,0.356,0.443,0.449,1.827
9/27/11,0.424,0.518,0.529,1.96
9/28/11,0.416,0.541,0.592,2.01
9/29/11,0.39,0.524,0.597,2.005
9/30/11,0.383,0.48,0.547,1.885
10/3/11,0.388,0.493,0.491,1.814
10/4/11,0.392,0.486,0.455,1.724
10/5/11,0.376,0.456,0.494,1.838
10/6/11,0.481,0.558,0.607,1.94
10/7/11,0.497,0.512,0.599,2
#########,0.513,0.556,0.647,2.081
#########,0.509,0.543,0.647,2.087
#########,0.455,0.554,0.702,2.188
#########,0.4,0.542,0.62,2.104
#########,0.404,0.561,0.659,2.197
#########,0.409,0.584,0.577,2.097
#########,0.498,0.602,0.58,2.011
#########,0.614,0.64,0.616,2.057
#########,0.681,0.684,0.587,1.996
#########,0.705,0.756,0.659,2.104
#########,0.702,0.725,0.656,2.12
#########,0.668,0.729,0.562,2.057
#########,0.574,0.712,0.515,2.036
#########,0.561,0.701,0.655,2.205
#########,0.456,0.686,0.601,2.176
#########,0.492,0.653,0.536,2.024
11/1/11,0.477,0.614,0.409,1.767
11/2/11,0.536,0.65,0.421,1.825
11/3/11,0.481,0.573,0.401,1.911
11/4/11,0.435,0.572,0.401,1.822
11/7/11,0.482,0.57,0.373,1.778
11/8/11,0.445,0.574,0.394,1.799
11/9/11,0.515,0.588,0.35,1.719
#########,0.488,0.643,0.372,1.776
#########,0.574,0.725,0.399,1.886
#########,0.559,0.735,0.306,1.779
#########,0.599,0.909,0.303,1.78
#########,0.525,0.824,0.391,1.813
#########,0.501,0.844,0.441,1.89
#########,0.497,0.76,0.462,1.964
#########,0.492,0.749,0.403,1.913
#########,0.466,0.754,0.381,1.917
#########,0.45,0.727,0.44,2.145
#########,0.347,0.694,0.467,2.191
#########,0.315,0.669,0.456,2.26
#########,0.296,0.587,0.443,2.297
#########,0.373,0.532,0.431,2.327
#########,0.267,0.372,0.331,2.276
12/1/11,0.21,0.32,0.296,2.175
12/2/11,0.228,0.293,0.299,2.131
12/5/11,0.262,0.362,0.336,2.2
12/6/11,0.254,0.325,0.335,2.184
12/7/11,0.236,0.406,0.308,2.1
12/8/11,0.206,0.389,0.285,2.013
12/9/11,0.203,0.405,0.315,2.146
#########,0.205,0.363,0.246,2.017
#########,0.219,0.286,0.269,2.024
#########,0.109,0.213,0.27,1.917
#########,0.08,0.1,0.251,1.942
#########,0,0.096,0.216,1.849
#########,-0.073,0.015,0.206,1.878
#########,-0.074,0.015,0.208,1.951
#########,-0.064,-0.005,0.228,1.931
#########,-0.033,0.021,0.224,1.941
#########,-0.091,0.021,0.22,1.957
#########,-0.091,0,0.22,1.957
#########,-0.046,-0.032,0.163,1.917
#########,-0.105,-0.038,0.165,1.891
#########,-0.071,-0.027,0.156,1.839
#########,-0.062,-0.049,0.139,1.825
1/2/12,0.012,0.028,0.198,1.902
1/3/12,0.038,0.072,0.185,1.895
1/4/12,0.013,0.062,0.177,1.921
1/5/12,0.141,0.208,0.17,1.861
1/6/12,0.169,0.321,0.163,1.851
1/9/12,0.171,0.295,0.139,1.842
1/10/12,0.109,0.238,0.168,1.881
1/11/12,0.138,0.183,0.137,1.812
1/12/12,0.1,0.164,0.159,1.832
1/13/12,0.166,0.268,0.15,1.762
1/16/12,0.188,0.3,0.148,1.767
1/17/12,0.169,0.292,0.18,1.789
1/18/12,0.182,0.314,0.2,1.782
1/19/12,0.141,0.3,0.21,1.857
1/20/12,0.135,0.285,0.205,1.927
1/23/12,0.148,0.265,0.197,1.969
1/24/12,0.188,0.283,0.217,1.991
1/25/12,0.178,0.29,0.191,1.943
1/26/12,0.16,0.27,0.175,1.869
1/27/12,0.166,0.258,0.188,1.856
1/30/12,0.168,0.232,0.172,1.791
1/31/12,0.148,0.234,0.156,1.786
2/1/12,0.15,0.224,0.177,1.85
2/2/12,0.13,0.22,0.204,1.85
2/3/12,0.124,0.218,0.201,1.931
2/6/12,0.137,0.254,0.176,1.886
2/7/12,0.158,0.248,0.22,1.962
2/8/12,0.138,0.253,0.247,1.981
2/9/12,0.14,0.249,0.266,2.015
2/10/12,0.145,0.243,0.236,1.905
2/13/12,0.147,0.249,0.253,1.93
2/14/12,0.138,0.246,0.238,1.901
2/15/12,0.15,0.247,0.211,1.86
2/16/12,0.141,0.238,0.242,1.895
2/17/12,0.146,0.237,0.25,1.923
2/20/12,0.125,0.244,0.256,1.959
2/21/12,0.127,0.245,0.258,1.98
2/22/12,0.129,0.236,0.26,1.89
2/23/12,0.14,0.248,0.255,1.882
2/24/12,0.124,0.242,0.235,1.882
2/27/12,0.126,0.204,0.199,1.828
2/28/12,0.106,0.195,0.197,1.799
2/29/12,0.075,0.173,0.188,1.817
3/1/12,0.043,0.146,0.213,1.863
3/2/12,0.045,0.097,0.158,1.799
3/5/12,0.046,0.104,0.182,1.825
3/6/12,0.058,0.099,0.165,1.776
3/7/12,0.082,0.088,0.148,1.771
3/8/12,0.07,0.139,0.155,1.797
3/9/12,0.093,0.111,0.156,1.793
3/12/12,0.073,0.127,0.152,1.756
3/13/12,0.064,0.123,0.177,1.82
3/14/12,0.064,0.134,0.245,1.953
3/15/12,0.076,0.129,0.278,1.966
3/16/12,0.056,0.116,0.331,2.049
3/19/12,0.08,0.132,0.336,2.054
3/20/12,0.069,0.123,0.331,2.039
3/21/12,0.04,0.113,0.288,1.978
3/22/12,0.04,0.102,0.258,1.91
3/23/12,0.041,0.104,0.228,1.864
3/26/12,0.063,0.116,0.26,1.952
3/27/12,0.064,0.111,0.237,1.888
3/28/12,0.064,0.123,0.209,1.831
3/29/12,0.087,0.135,0.206,1.806
3/30/12,0.067,0.12,0.204,1.792
4/2/12,0.069,0.122,0.209,1.803
4/3/12,0.109,0.134,0.201,1.802
4/4/12,0.094,0.133,0.185,1.787
4/5/12,0.138,0.152,0.138,1.734
4/6/12,0.138,0.152,0.138,1.734
4/9/12,0.138,0.152,0.138,1.734
4/10/12,0.096,0.11,0.091,1.641
4/11/12,0.087,0.119,0.137,1.778
4/12/12,0.067,0.105,0.134,1.787
4/13/12,0.057,0.101,0.124,1.733
4/16/12,0.081,0.107,0.134,1.716
4/17/12,0.079,0.102,0.144,1.749
4/18/12,0.08,0.119,0.136,1.719
4/19/12,0.103,0.121,0.124,1.691
4/20/12,0.105,0.11,0.136,1.707
4/23/12,0.085,0.133,0.102,1.643
4/24/12,0.075,0.123,0.127,1.697
4/25/12,0.087,0.118,0.121,1.74
4/26/12,0.067,0.086,0.092,1.682
4/27/12,0,0.099,0.099,1.697
4/30/12,0.047,0.123,0.076,1.662
5/1/12,0.047,0.117,0.076,1.662
5/2/12,0.1,0.118,0.077,1.608
5/3/12,0.093,0.126,0.085,1.611
5/4/12,0.094,0.121,0.079,1.583
5/7/12,0.095,0.116,0.097,1.603
5/8/12,0.107,0.114,0.087,1.541
5/9/12,0.108,0.125,0.067,1.516
5/10/12,0.09,0.106,0.072,1.538
5/11/12,0.091,0.112,0.088,1.515
5/14/12,0.046,0.118,0.061,1.456
5/15/12,0.047,0.129,0.069,1.469
5/16/12,0.04,0.098,0.068,1.468
5/17/12,0.041,0.094,0.04,1.411
5/18/12,0.063,0.1,0.048,1.424
5/21/12,0.064,0.101,0.045,1.43
5/22/12,0.086,0.101,0.058,1.467
5/23/12,0.087,0.108,0.051,1.383
5/24/12,0.067,0.092,0.063,1.39
5/25/12,0.068,0.093,0.044,1.368
5/28/12,0.069,0.094,0.027,1.363
5/29/12,0.07,0.1,0.039,1.358
5/30/12,0.08,0.107,0.007,1.267
5/31/12,0.083,0.091,0.007,1.199
6/1/12,0.084,0.091,0.01,1.172
6/4/12,0.106,0.104,0.01,1.207
6/5/12,0.086,0.118,0.007,1.206
6/6/12,0.087,0.124,0.066,1.334
6/7/12,0.067,0.132,0.072,1.373
6/8/12,0.046,0.117,0.04,1.328
6/11/12,0.046,0.128,0.055,1.304
6/12/12,0.079,0.139,0.093,1.424
6/13/12,0.08,0.146,0.124,1.487
6/14/12,0.083,0.137,0.081,1.486
6/15/12,0.063,0.127,0.066,1.436
6/18/12,0.064,0.1,0.023,1.41
6/19/12,0.043,0.101,0.084,1.528
6/20/12,0.043,0.113,0.148,1.613
6/21/12,0.022,0.109,0.102,1.533
6/22/12,0.023,0.104,0.133,1.58
6/25/12,0.023,0.116,0.072,1.462
6/26/12,0.093,0.105,0.097,1.504
6/27/12,0.04,0.088,0.123,1.566
6/28/12,0.041,0.09,0.103,1.512
6/29/12,0.042,0.091,0.12,1.581
7/2/12,0.064,0.097,0.096,1.518
7/3/12,0.043,0.082,0.088,1.531
7/4/12,0.043,0.078,0.07,1.452
7/5/12,0.022,0.021,0.012,1.381
7/6/12,0.023,0.016,-0.013,1.326
7/9/12,0,-0.005,-0.005,1.32
7/10/12,0.007,-0.011,-0.005,1.319
7/11/12,-0.02,-0.016,-0.018,1.27
7/12/12,-0.021,-0.011,-0.037,1.248
7/13/12,-0.011,0,-0.045,1.258
7/16/12,-0.021,0,-0.058,1.231
7/17/12,0,0,-0.05,1.231
7/18/12,-0.022,0,-0.063,1.198
7/19/12,-0.023,0,-0.056,1.216
7/20/12,-0.023,-0.006,-0.077,1.166
7/23/12,-0.023,0.006,-0.066,1.174
7/24/12,0,0,-0.072,1.235
7/25/12,-0.02,0.012,-0.064,1.261
7/26/12,-0.021,0.006,-0.053,1.32
7/27/12,-0.021,0.006,-0.032,1.397
7/30/12,0,0,-0.083,1.374
7/31/12,0,0.005,-0.094,1.284
8/1/12,-0.022,-0.005,-0.078,1.367
8/2/12,-0.023,-0.005,-0.092,1.225
8/3/12,0,0,-0.024,1.422
8/6/12,0,-0.005,-0.062,1.394
8/7/12,0,-0.005,-0.033,1.483
8/8/12,0,-0.005,-0.055,1.42
8/9/12,0,0,-0.06,1.433
8/10/12,0,-0.006,-0.077,1.384
8/13/12,0,-0.017,-0.049,1.401
8/14/12,-0.021,-0.022,-0.038,1.467
8/15/12,-0.033,-0.017,-0.025,1.562
8/16/12,-0.023,-0.006,-0.039,1.525
8/17/12,-0.023,-0.017,-0.044,1.494
8/20/12,-0.023,-0.017,-0.025,1.508
8/21/12,0,-0.006,0.003,1.556
8/22/12,0,-0.018,0.005,1.46
8/23/12,-0.021,-0.018,-0.015,1.376
8/24/12,-0.021,-0.012,-0.015,1.353
8/27/12,0,-0.018,-0.004,1.351
8/28/12,0,0.008,-0.015,1.34
8/29/12,0,0.005,-0.002,1.38
8/30/12,0,-0.005,-0.04,1.321
8/31/12,0,0,-0.037,1.333
9/3/12,0,0,-0.04,1.377
9/4/12,-0.02,-0.011,-0.035,1.39
9/5/12,-0.02,0,-0.017,1.478
9/6/12,0,0,0.032,1.558
9/7/12,-0.021,-0.006,0.03,1.518
9/10/12,-0.021,-0.006,0.038,1.546
9/11/12,0,-0.006,0.043,1.542
9/12/12,0,0,0.076,1.616
9/13/12,-0.012,0.006,0.058,1.553
9/14/12,0,0.012,0.101,1.705
9/17/12,0,0.012,0.081,1.671
9/18/12,0,-0.006,0.073,1.636
9/19/12,0,-0.012,0.066,1.621
9/20/12,0,-0.018,0.041,1.573
9/21/12,0,-0.018,0.032,1.596
9/24/12,-0.011,0,0.038,1.558
9/25/12,0,-0.006,0.067,1.583
9/26/12,0,-0.006,0.036,1.455
9/27/12,-0.012,-0.013,0.039,1.457
9/28/12,0,-0.013,0.018,1.441
10/1/12,0,-0.013,0.044,1.449
10/2/12,-0.02,-0.005,0.039,1.455
10/3/12,0,-0.011,0.029,1.446
10/4/12,0,0.005,0.039,1.446
10/5/12,0,-0.006,0.055,1.52
10/8/12,-0.021,-0.006,0.042,1.474
10/9/12,0,0,0.037,1.473
#########,0,0,0.043,1.489
#########,0,0,0.047,1.501
#########,0,0,0.039,1.444
#########,-0.023,0,0.05,1.472
#########,-0.02,0,0.079,1.543
#########,-0.02,-0.006,0.095,1.633
#########,-0.021,-0.012,0.109,1.632
#########,-0.021,-0.012,0.109,1.593
#########,-0.021,0,0.12,1.617
#########,-0.021,0.005,0.104,1.571
#########,-0.022,0.005,0.078,1.555
#########,-0.023,0,0.08,1.582
#########,-0.023,-0.011,0.048,1.536
#########,-0.023,-0.005,0.027,1.457
#########,0,0.005,0.038,1.478
#########,0,0,0.035,1.462
11/1/12,0,0,0.016,1.454
11/2/12,-0.021,-0.011,0.003,1.449
11/5/12,0,0,-0.011,1.427
11/6/12,0,0,-0.008,1.438
11/7/12,0,0,-0.041,1.379
11/8/12,-0.011,0,-0.035,1.363
11/9/12,0,0,-0.036,1.347
#########,0,0.012,-0.038,1.343
#########,0,0.012,-0.036,1.338
#########,0,0,-0.025,1.341
#########,0,0,-0.032,1.338
#########,0,0,-0.036,1.33
#########,0,0,-0.024,1.355
#########,0,-0.006,-0.002,1.417
#########,0,0,0.007,1.43
#########,-0.023,-0.013,0.007,1.43
#########,-0.023,-0.013,-0.005,1.435
#########,-0.023,-0.013,-0.002,1.413
#########,-0.023,-0.005,0.017,1.439
#########,-0.024,0,-0.015,1.368
#########,-0.025,0,-0.015,1.366
#########,-0.025,0,0.007,1.385
12/3/12,-0.025,0,0.022,1.409
12/4/12,-0.026,0,0.012,1.393
12/5/12,-0.022,0,0.012,1.347
12/6/12,-0.023,-0.011,-0.05,1.295
12/7/12,-0.023,-0.012,-0.08,1.294
#########,-0.023,-0.012,-0.075,1.305
#########,0,0,-0.073,1.318
#########,0,0,-0.058,1.334
#########,0,0,-0.058,1.352
#########,0,0,-0.045,1.347
#########,-0.011,0,-0.013,1.372
#########,0,0,-0.003,1.41
#########,0,0,-0.008,1.429
#########,0,0,-0.008,1.416
#########,0,0.006,-0.013,1.375
#########,0.036,0.006,-0.013,1.375
#########,0.036,0.006,-0.013,1.375
#########,0.036,0.006,-0.013,1.375
#########,0.025,0.013,-0.003,1.314
#########,0.025,0.007,-0.017,1.308
#########,-0.013,0.007,-0.021,1.314
1/1/13,-0.013,0.007,-0.021,1.314
1/2/13,0,0,0.029,1.441
1/3/13,0,0,0.047,1.478
1/4/13,0,0.012,0.073,1.535
1/7/13,0,0.012,0.068,1.515
1/8/13,0,0.012,0.063,1.49
1/9/13,0,0.012,0.055,1.476
1/10/13,0.021,0.024,0.095,1.56
1/11/13,0.021,0.024,0.132,1.582
1/14/13,0,0.024,0.134,1.55
1/15/13,0,0.024,0.135,1.576
1/16/13,0.022,0.018,0.122,1.565
1/17/13,0.011,0.05,0.194,1.607
1/18/13,0.023,0.051,0.181,1.554
1/21/13,0.023,0.038,0.197,1.593
1/22/13,0,0.039,0.168,1.572
1/23/13,0,0.039,0.155,1.543
1/24/13,0,0.04,0.174,1.571
1/25/13,0,0.053,0.254,1.636
1/28/13,0.021,0.047,0.296,1.692
1/29/13,0.021,0.054,0.27,1.69
1/30/13,0.022,0.068,0.285,1.71
1/31/13,0.022,0.057,0.266,1.679
2/1/13,0.023,0.046,0.245,1.672
2/4/13,0.023,0.058,0.201,1.611
2/5/13,0.02,0.058,0.232,1.65
2/6/13,0.02,0.059,0.211,1.63
2/7/13,0.02,0.048,0.173,1.604
2/8/13,0.01,0.048,0.178,1.609
2/11/13,0.021,0.049,0.181,1.609
2/12/13,0.021,0.049,0.187,1.629
2/13/13,0.021,0.062,0.221,1.671
2/14/13,0.022,0.05,0.179,1.642
2/15/13,0.022,0.051,0.184,1.652
2/18/13,0.023,0.051,0.177,1.629
2/19/13,0.02,0.054,0.174,1.621
2/20/13,0.02,0.065,0.196,1.653
2/21/13,0.02,0.055,0.166,1.573
2/22/13,0.01,0.033,0.125,1.567
2/25/13,0.032,0.044,0.121,1.555
2/26/13,0.011,0.034,0.068,1.452
2/27/13,0.011,0.034,0.07,1.451
2/28/13,0.022,0.023,0.037,1.453
3/1/13,0.011,0.017,0.027,1.41
3/4/13,0.018,0.03,0.03,1.418
3/5/13,0.024,0.027,0.054,1.449
3/6/13,0.02,0.028,0.037,1.456
3/7/13,0.023,0.038,0.083,1.491
3/8/13,0.023,0.034,0.086,1.524
3/11/13,0.03,0.04,0.076,1.516
3/12/13,0.028,0.04,0.068,1.48
3/13/13,0.028,0.039,0.057,1.48
3/14/13,0.029,0.035,0.061,1.472
3/15/13,0.023,0.032,0.044,1.454
3/18/13,0.018,0.031,0.019,1.406
3/19/13,0.022,0.048,0.001,1.346
3/20/13,0.022,0.043,0.02,1.386
3/21/13,0.025,0.045,0.026,1.365
3/22/13,0.025,0.043,0.026,1.378
3/25/13,0.013,0.039,0.009,1.326
3/26/13,0.009,0.036,0.003,1.344
3/27/13,0.009,0.032,-0.021,1.269
3/28/13,0.014,0.035,-0.026,1.288
3/29/13,0.014,0.035,-0.026,1.288
4/1/13,0.014,0.035,-0.026,1.288
4/2/13,0.012,0.026,-0.007,1.306
4/3/13,0.02,0.028,-0.003,1.287
4/4/13,0.012,0.019,-0.012,1.238
4/5/13,0.015,0.029,0.011,1.211
4/8/13,0.021,0.033,0.021,1.236
4/9/13,0.021,0.033,0.03,1.26
4/10/13,0.017,0.033,0.047,1.303
4/11/13,0.004,0.029,0.028,1.301
4/12/13,0.011,0.03,0.014,1.26
4/15/13,0.009,0.028,0.013,1.244
4/16/13,0.012,0.032,0.026,1.276
4/17/13,0.012,0.026,0.005,1.228
4/18/13,0.008,0.02,0.012,1.225
4/19/13,0.004,0.024,0.019,1.25
4/22/13,0.008,0.018,0.01,1.231
4/23/13,0.006,0.022,0.016,1.26
4/24/13,0.006,0.018,0.011,1.238
4/25/13,0.002,0.018,0.009,1.237
4/26/13,0.002,0.016,-0.002,1.205
4/29/13,0.007,0.006,-0.001,1.203
4/30/13,-0.002,0.008,0.011,1.215
5/1/13,-0.002,0.008,0.011,1.206
5/2/13,-0.002,-0.005,-0.032,1.165
5/3/13,0,0.005,-0.002,1.239
5/6/13,0.002,0.004,-0.004,1.243
5/7/13,0.004,0.007,0.027,1.298
5/8/13,0,0.007,0.01,1.269
5/9/13,0.004,0.004,0.004,1.269
5/10/13,0.007,0.011,0.049,1.379
5/13/13,0.005,0.013,0.025,1.355
5/14/13,0.016,0.017,0.025,1.373
5/15/13,0.012,0.018,0.022,1.382
5/16/13,0.01,0.009,-0.01,1.33
5/17/13,0.008,0.01,-0.032,1.325
5/20/13,0.006,0.012,-0.007,1.376
5/21/13,0.006,0.022,0.005,1.39
5/22/13,0.007,0.016,-0.005,1.426
5/23/13,0.009,0.022,0.007,1.443
5/24/13,0.005,0.018,0.007,1.43
5/27/13,0.009,0.03,0.027,1.456
5/28/13,0.01,0.034,0.037,1.497
5/29/13,0.008,0.038,0.078,1.532
5/30/13,0.012,0.031,0.079,1.516
5/31/13,0.01,0.025,0.067,1.504
6/3/13,0.021,0.033,0.097,1.521
6/4/13,0.021,0.043,0.102,1.542
6/5/13,0.022,0.038,0.1,1.51
6/6/13,0.025,0.046,0.134,1.52
6/7/13,0.032,0.053,0.177,1.545
6/10/13,0.03,0.06,0.198,1.6
6/11/13,0.04,0.066,0.205,1.6
6/12/13,0.042,0.063,0.175,1.584
6/13/13,0.035,0.061,0.148,1.561
6/14/13,0.029,0.052,0.125,1.513
6/17/13,0.036,0.059,0.134,1.52
6/18/13,0.041,0.061,0.174,1.569
6/19/13,0.039,0.06,0.162,1.557
6/20/13,0.041,0.068,0.244,1.664
6/21/13,0.036,0.072,0.262,1.724
6/24/13,0.044,0.099,0.268,1.811
6/25/13,0.079,0.094,0.236,1.803
6/26/13,0.052,0.075,0.2,1.766
6/27/13,0.037,0.061,0.182,1.724
6/28/13,0.029,0.058,0.187,1.728
7/1/13,0.042,0.054,0.195,1.719
7/2/13,0.043,0.056,0.173,1.703
7/3/13,0.043,0.059,0.166,1.659
7/4/13,0.025,0.033,0.111,1.647
7/5/13,0.016,0.032,0.111,1.718
7/8/13,0.018,0.038,0.09,1.697
7/9/13,0.028,0.039,0.08,1.653
7/10/13,0.024,0.039,0.104,1.657
7/11/13,0.025,0.044,0.117,1.622
7/12/13,0.029,0.048,0.101,1.559
7/15/13,0.021,0.044,0.117,1.577
7/16/13,0.032,0.052,0.088,1.55
7/17/13,0.028,0.056,0.086,1.542
7/18/13,0.031,0.057,0.073,1.518
7/19/13,0.027,0.062,0.084,1.518
7/22/13,0.032,0.074,0.1,1.514
7/23/13,0.045,0.082,0.133,1.55
7/24/13,0.044,0.081,0.159,1.645
7/25/13,0.045,0.076,0.154,1.67
7/26/13,0.046,0.073,0.149,1.665
7/29/13,0.051,0.069,0.159,1.663
7/30/13,0.047,0.072,0.151,1.667
7/31/13,0.052,0.072,0.15,1.669
8/1/13,0.047,0.072,0.152,1.666
8/2/13,0.046,0.077,0.151,1.65
8/5/13,0.048,0.077,0.167,1.686
8/6/13,0.045,0.078,0.169,1.701
8/7/13,0.04,0.074,0.165,1.686
8/8/13,0.043,0.075,0.162,1.686
8/9/13,0.042,0.072,0.16,1.679
8/12/13,0.059,0.086,0.166,1.701
8/13/13,0.049,0.095,0.223,1.807
8/14/13,0.056,0.091,0.216,1.821
8/15/13,0.056,0.095,0.229,1.882
8/16/13,0.05,0.093,0.218,1.88
8/19/13,0.053,0.096,0.226,1.896
8/20/13,0.065,0.095,0.204,1.84
8/21/13,0.064,0.098,0.248,1.87
8/22/13,0.07,0.098,0.26,1.919
8/23/13,0.065,0.099,0.281,1.934
8/26/13,0.064,0.094,0.265,1.893
8/27/13,0.066,0.098,0.235,1.846
8/28/13,0.067,0.096,0.25,1.875
8/29/13,0.074,0.101,0.233,1.855
8/30/13,0.071,0.104,0.235,1.855
9/2/13,0.074,0.097,0.26,1.904
9/3/13,0.087,0.111,0.281,1.94
9/4/13,0.08,0.108,0.274,1.94
9/5/13,0.077,0.11,0.328,2.041
9/6/13,0.077,0.112,0.265,1.949
9/9/13,0.087,0.117,0.255,1.959
9/10/13,0.084,0.116,0.27,2.026
9/11/13,0.076,0.116,0.251,2.045
9/12/13,0.079,0.115,0.225,1.999
9/13/13,0.075,0.119,0.22,1.975
9/16/13,0.072,0.123,0.208,1.937
9/17/13,0.079,0.113,0.212,1.963
9/18/13,0.064,0.112,0.236,2
9/19/13,0.064,0.108,0.186,1.92
9/20/13,0.059,0.106,0.209,1.942
9/23/13,0.057,0.092,0.194,1.917
9/24/13,0.058,0.091,0.18,1.845
9/25/13,0.061,0.088,0.188,1.822
9/26/13,0.061,0.083,0.188,1.83
9/27/13,0.048,0.081,0.167,1.777
9/30/13,0.058,0.08,0.166,1.778
10/1/13,0.063,0.087,0.168,1.804
10/2/13,0.056,0.084,0.16,1.81
10/3/13,0.058,0.083,0.154,1.792
10/4/13,0.063,0.087,0.173,1.84
10/7/13,0.064,0.089,0.16,1.802
10/8/13,0.071,0.102,0.17,1.81
10/9/13,0.067,0.097,0.173,1.811
#########,0.065,0.089,0.18,1.868
#########,0.062,0.083,0.178,1.863
#########,0.062,0.072,0.174,1.858
#########,0.055,0.074,0.198,1.913
#########,0.056,0.075,0.214,1.928
#########,0.052,0.072,0.18,1.867
#########,0.048,0.074,0.172,1.831
#########,0.049,0.072,0.181,1.847
#########,0.047,0.066,0.153,1.795
#########,0.05,0.07,0.158,1.766
#########,0.054,0.079,0.174,1.764
#########,0.05,0.08,0.183,1.755
#########,0.055,0.074,0.188,1.749
#########,0.059,0.091,0.179,1.74
#########,0.062,0.095,0.154,1.687
#########,0.056,0.078,0.113,1.673
11/1/13,0.059,0.081,0.112,1.691
11/4/13,0.057,0.084,0.113,1.676
11/5/13,0.06,0.087,0.138,1.742
11/6/13,0.056,0.084,0.132,1.74
11/7/13,0.054,0.072,0.084,1.684
11/8/13,0.057,0.076,0.098,1.757
#########,0.048,0.078,0.094,1.753
#########,0.049,0.082,0.1,1.789
#########,0.06,0.081,0.098,1.735
#########,0.058,0.077,0.102,1.7
#########,0.059,0.08,0.107,1.705
#########,0.074,0.092,0.105,1.68
#########,0.075,0.088,0.116,1.719
#########,0.067,0.076,0.097,1.714
#########,0.072,0.086,0.097,1.74
#########,0.077,0.091,0.133,1.746
#########,0.078,0.093,0.128,1.722
#########,0.085,0.1,0.121,1.686
#########,0.084,0.105,0.129,1.716
#########,0.087,0.104,0.119,1.694
#########,0.086,0.101,0.114,1.692
12/2/13,0.091,0.117,0.128,1.743
12/3/13,0.094,0.112,0.122,1.724
12/4/13,0.085,0.11,0.165,1.814
12/5/13,0.07,0.119,0.205,1.86
12/6/13,0.077,0.136,0.213,1.841
12/9/13,0.095,0.163,0.224,1.838
#########,0.131,0.163,0.216,1.834
#########,0.132,0.167,0.231,1.813
#########,0.157,0.181,0.25,1.838
#########,0.161,0.19,0.242,1.827
#########,0.199,0.212,0.251,1.834
#########,0.191,0.208,0.229,1.826
#########,0.182,0.194,0.231,1.846
#########,0.16,0.176,0.214,1.871
#########,0.134,0.162,0.222,1.869
#########,0.137,0.178,0.225,1.88
#########,0.153,0.177,0.225,1.89
#########,0.153,0.177,0.223,1.89
#########,0.153,0.177,0.223,1.89
#########,0.167,0.173,0.239,1.954
#########,0.146,0.168,0.206,1.929
#########,0.145,0.172,0.207,1.925
1/1/14,0.145,0.172,0.207,1.925
1/2/14,0.117,0.161,0.211,1.94
1/3/14,0.077,0.151,0.206,1.942
1/6/14,0.083,0.138,0.209,1.906
1/7/14,0.097,0.144,0.212,1.885
1/8/14,0.1,0.137,0.226,1.903
1/9/14,0.103,0.133,0.21,1.914
1/10/14,0.107,0.133,0.184,1.842
1/13/14,0.114,0.139,0.179,1.816
1/14/14,0.135,0.156,0.202,1.813
1/15/14,0.143,0.167,0.212,1.824
1/16/14,0.155,0.165,0.175,1.779
1/17/14,0.141,0.156,0.17,1.752
1/20/14,0.164,0.181,0.162,1.74
1/21/14,0.166,0.17,0.157,1.738
1/22/14,0.162,0.166,0.169,1.756
1/23/14,0.157,0.16,0.154,1.708
1/24/14,0.144,0.153,0.123,1.657
1/27/14,0.157,0.156,0.132,1.664
1/28/14,0.161,0.169,0.121,1.676
1/29/14,0.152,0.165,0.108,1.74
1/30/14,0.137,0.151,0.092,1.714
1/31/14,0.103,0.119,0.066,1.658
2/3/14,0.113,0.134,0.076,1.643
2/4/14,0.128,0.123,0.08,1.649
2/5/14,0.127,0.127,0.074,1.635
2/6/14,0.149,0.146,0.12,1.694
2/7/14,0.142,0.141,0.09,1.66
2/10/14,0.152,0.159,0.11,1.678
2/11/14,0.15,0.153,0.104,1.685
2/12/14,0.143,0.149,0.124,1.714
2/13/14,0.137,0.137,0.105,1.666
2/14/14,0.138,0.142,0.11,1.678
2/17/14,0.14,0.146,0.111,1.683
2/18/14,0.146,0.141,0.108,1.666
2/19/14,0.14,0.132,0.108,1.66
2/20/14,0.141,0.135,0.122,1.689
2/21/14,0.138,0.139,0.118,1.661
2/24/14,0.138,0.141,0.126,1.678
2/25/14,0.137,0.145,0.12,1.645
2/26/14,0.132,0.142,0.098,1.616
2/27/14,0.131,0.133,0.088,1.562
2/28/14,0.148,0.148,0.127,1.623
3/3/14,0.141,0.145,0.105,1.55
3/4/14,0.15,0.15,0.111,1.597
3/5/14,0.15,0.15,0.117,1.604
3/6/14,0.168,0.174,0.162,1.646
3/7/14,0.188,0.195,0.177,1.652
3/10/14,0.193,0.194,0.165,1.624
3/11/14,0.189,0.191,0.166,1.637
3/12/14,0.184,0.191,0.158,1.595
3/13/14,0.185,0.185,0.14,1.54
3/14/14,0.185,0.186,0.15,1.545
3/17/14,0.187,0.194,0.155,1.566
3/18/14,0.196,0.19,0.157,1.566
3/19/14,0.192,0.19,0.172,1.598
3/20/14,0.201,0.195,0.208,1.645
3/21/14,0.203,0.2,0.205,1.63
3/24/14,0.208,0.202,0.185,1.577
3/25/14,0.193,0.195,0.168,1.576
3/26/14,0.191,0.191,0.159,1.567
3/27/14,0.176,0.176,0.135,1.535
3/28/14,0.176,0.182,0.141,1.548
3/31/14,0.189,0.193,0.158,1.565
4/1/14,0.196,0.198,0.172,1.572
4/2/14,0.186,0.194,0.187,1.615
4/3/14,0.199,0.198,0.181,1.602
4/4/14,0.197,0.192,0.161,1.552
4/7/14,0.193,0.192,0.168,1.538
4/8/14,0.191,0.19,0.171,1.556
4/9/14,0.193,0.189,0.18,1.574
4/10/14,0.182,0.181,0.157,1.52
4/11/14,0.194,0.189,0.156,1.502
4/14/14,0.192,0.188,0.154,1.525
4/15/14,0.192,0.185,0.124,1.471
4/16/14,0.188,0.185,0.132,1.484
4/17/14,0.189,0.187,0.169,1.514
4/18/14,0.189,0.187,0.169,1.514
4/21/14,0.189,0.187,0.169,1.514
4/22/14,0.191,0.19,0.169,1.533
4/23/14,0.193,0.189,0.171,1.521
4/24/14,0.196,0.197,0.183,1.529
4/25/14,0.182,0.195,0.168,1.483
4/28/14,0.196,0.198,0.17,1.496
4/29/14,0.186,0.175,0.142,1.498
4/30/14,0.186,0.181,0.14,1.468
5/1/14,0.19,0.181,0.14,1.468
5/2/14,0.186,0.184,0.124,1.449
5/5/14,0.189,0.191,0.136,1.457
5/6/14,0.186,0.191,0.146,1.459
5/7/14,0.184,0.19,0.147,1.472
5/8/14,0.173,0.169,0.116,1.445
5/9/14,0.171,0.17,0.132,1.454
5/12/14,0.173,0.17,0.129,1.463
5/13/14,0.172,0.153,0.107,1.42
5/14/14,0.154,0.133,0.099,1.367
5/15/14,0.122,0.111,0.087,1.305
5/16/14,0.134,0.117,0.092,1.329
5/19/14,0.121,0.113,0.089,1.342
5/20/14,0.114,0.12,0.077,1.35
5/21/14,0.119,0.123,0.081,1.423
5/22/14,0.124,0.12,0.063,1.407
5/23/14,0.121,0.113,0.061,1.412
5/26/14,0.12,0.109,0.053,1.415
5/27/14,0.113,0.105,0.052,1.388
5/28/14,0.11,0.101,0.05,1.337
5/29/14,0.112,0.1,0.059,1.353
5/30/14,0.115,0.106,0.061,1.357
6/2/14,0.119,0.107,0.059,1.368
6/3/14,0.116,0.105,0.058,1.407
6/4/14,0.113,0.096,0.053,1.431
6/5/14,0.061,0.058,0.045,1.403
6/6/14,0.075,0.065,0.051,1.351
6/9/14,0.081,0.07,0.058,1.378
6/10/14,0.063,0.064,0.063,1.403
6/11/14,0.052,0.052,0.038,1.396
6/12/14,0.029,0.033,0.032,1.386
6/13/14,0.008,0.005,0.026,1.361
6/16/14,0,0.004,0.026,1.353
6/17/14,0.015,0.019,0.042,1.399
6/18/14,0.009,0.018,0.036,1.374
6/19/14,0.005,0.021,0.032,1.321
6/20/14,0.009,0.028,0.035,1.343
6/23/14,0.012,0.028,0.038,1.322
6/24/14,0.02,0.028,0.035,1.319
6/25/14,0.018,0.028,0.029,1.26
6/26/14,0.019,0.023,0.023,1.244
6/27/14,0.019,0.024,0.033,1.261
6/30/14,0.023,0.023,0.025,1.244
7/1/14,0.017,0.013,0.019,1.246
7/2/14,0.017,0.019,0.025,1.286
7/3/14,0.009,0.013,0.02,1.288
7/4/14,0.011,0.013,0.018,1.264
7/7/14,0.002,0.023,0.015,1.255
7/8/14,0.01,0.024,0.015,1.218
7/9/14,0.012,0.014,0.02,1.227
7/10/14,0.006,0.015,0.016,1.198
7/11/14,0.004,0.011,0.016,1.202
7/14/14,0.004,0.007,0.021,1.208
7/15/14,0.009,0.004,0.019,1.203
7/16/14,0.004,0.01,0.017,1.191
7/17/14,0,0.008,0.017,1.148
7/18/14,0.018,0.019,0.025,1.154
7/21/14,0.018,0.02,0.022,1.147
7/22/14,0.016,0.019,0.029,1.165
7/23/14,0.01,0.019,0.025,1.145
7/24/14,0.01,0.015,0.031,1.176
7/25/14,0.01,0.013,0.024,1.146
7/28/14,0.015,0.021,0.031,1.147
7/29/14,0.011,0.019,0.028,1.119
7/30/14,0.011,0.015,0.034,1.169
7/31/14,0.011,0.019,0.022,1.154
8/1/14,0.007,0.017,0.018,1.13
8/4/14,0.007,0.022,0.022,1.134
8/5/14,0.008,0.021,0.026,1.167
8/6/14,0.008,0.016,0.005,1.1
8/7/14,0,0.016,0.004,1.061
8/8/14,0,0.009,0.006,1.052
8/11/14,0,0.007,-0.004,1.058
8/12/14,-0.002,0.003,-0.007,1.058
8/13/14,0,0.003,-0.011,1.026
8/14/14,0.002,-0.005,0.003,1.017
8/15/14,0,-0.002,-0.014,0.952
8/18/14,0,0.008,-0.005,1.013
8/19/14,0,0.004,-0.01,1
8/20/14,0.004,0.004,0.001,0.989
8/21/14,0.006,0.005,0.005,0.992
8/22/14,0.006,0.006,0.002,0.981
8/25/14,-0.008,-0.01,-0.035,0.947
8/26/14,-0.004,-0.004,-0.02,0.938
8/27/14,0,0.001,-0.02,0.909
8/28/14,0.004,0.008,-0.02,0.883
8/29/14,0,-0.003,-0.033,0.89
9/1/14,-0.005,-0.001,-0.047,0.881
9/2/14,0.002,0,-0.036,0.93
9/3/14,-0.006,-0.005,-0.023,0.954
9/4/14,-0.056,-0.048,-0.08,0.969
9/5/14,-0.053,-0.052,-0.074,0.928
9/8/14,-0.056,-0.058,-0.072,0.952
9/9/14,-0.054,-0.055,-0.077,0.996
9/10/14,-0.066,-0.055,-0.07,1.046
9/11/14,-0.068,-0.055,-0.076,1.039
9/12/14,-0.058,-0.049,-0.06,1.082
9/15/14,-0.054,-0.044,-0.073,1.066
9/16/14,-0.028,-0.025,-0.06,1.06
9/17/14,-0.028,-0.025,-0.069,1.049
9/18/14,-0.029,-0.024,-0.058,1.081
9/19/14,-0.038,-0.033,-0.071,1.042
9/22/14,-0.034,-0.033,-0.067,1.01
9/23/14,-0.03,-0.03,-0.051,1.012
9/24/14,-0.035,-0.034,-0.057,1.003
9/25/14,-0.039,-0.033,-0.067,0.972
9/26/14,-0.035,-0.036,-0.071,0.971
9/29/14,-0.033,-0.03,-0.071,0.963
9/30/14,-0.03,-0.032,-0.083,0.946
10/1/14,-0.028,-0.039,-0.087,0.901
10/2/14,-0.036,-0.037,-0.075,0.902
10/3/14,-0.028,-0.035,-0.068,0.925
10/6/14,-0.03,-0.035,-0.072,0.906
10/7/14,-0.03,-0.035,-0.067,0.905
10/8/14,-0.031,-0.04,-0.067,0.907
10/9/14,-0.043,-0.044,-0.064,0.905
#########,-0.039,-0.039,-0.057,0.886
#########,-0.037,-0.026,-0.048,0.894
#########,-0.048,-0.035,-0.053,0.837
#########,-0.057,-0.036,-0.064,0.755
#########,-0.056,-0.039,-0.054,0.819
#########,-0.053,-0.033,-0.054,0.858
#########,-0.043,-0.032,-0.066,0.848
#########,-0.028,-0.031,-0.051,0.87
#########,-0.031,-0.031,-0.046,0.87
#########,-0.034,-0.03,-0.046,0.901
#########,-0.03,-0.029,-0.04,0.891
#########,-0.023,-0.015,-0.046,0.868
#########,-0.016,-0.019,-0.049,0.876
#########,-0.026,-0.021,-0.041,0.897
#########,-0.025,-0.037,-0.045,0.844
#########,-0.032,-0.034,-0.058,0.84
11/3/14,-0.017,-0.016,-0.05,0.852
11/4/14,-0.017,-0.017,-0.055,0.806
11/5/14,-0.018,-0.012,-0.061,0.826
11/6/14,-0.016,-0.015,-0.061,0.826
11/7/14,-0.018,-0.015,-0.061,0.816
#########,-0.019,-0.009,-0.053,0.834
#########,-0.012,-0.005,-0.05,0.826
#########,-0.012,-0.013,-0.048,0.809
#########,-0.013,-0.014,-0.047,0.798
#########,-0.015,-0.012,-0.046,0.784
#########,-0.011,-0.01,-0.039,0.801
#########,-0.015,-0.01,-0.03,0.796
#########,-0.013,-0.005,-0.016,0.848
#########,-0.016,-0.01,-0.023,0.798
#########,-0.025,-0.013,-0.041,0.769
#########,-0.028,-0.01,-0.039,0.78
#########,-0.024,-0.018,-0.039,0.747
#########,-0.024,-0.022,-0.044,0.735
#########,-0.025,-0.021,-0.042,0.7
#########,-0.028,-0.021,-0.034,0.7
12/1/14,-0.015,-0.019,-0.028,0.727
12/2/14,-0.013,-0.013,-0.032,0.741
12/3/14,-0.015,-0.016,-0.034,0.747
12/4/14,-0.018,-0.01,-0.019,0.772
12/5/14,-0.016,-0.012,-0.017,0.78
12/8/14,-0.021,-0.008,-0.037,0.712
12/9/14,-0.008,-0.008,-0.037,0.685
#########,-0.004,-0.011,-0.031,0.68
#########,-0.006,-0.012,-0.037,0.676
#########,-0.006,-0.011,-0.046,0.623
#########,-0.006,-0.002,-0.056,0.622
#########,-0.009,-0.009,-0.064,0.595
#########,-0.009,-0.011,-0.074,0.591
#########,-0.018,-0.02,-0.079,0.616
#########,-0.03,-0.023,-0.086,0.592
#########,-0.051,-0.036,-0.097,0.6
#########,-0.052,-0.04,-0.095,0.591
#########,-0.056,-0.038,-0.099,0.587
#########,-0.056,-0.038,-0.099,0.587
#########,-0.056,-0.038,-0.099,0.587
#########,-0.057,-0.041,-0.102,0.543
#########,-0.064,-0.049,-0.109,0.539
#########,-0.053,-0.049,-0.11,0.538
1/1/15,-0.053,-0.049,-0.11,0.538
1/2/15,-0.062,-0.054,-0.114,0.497
1/5/15,-0.054,-0.054,-0.103,0.517
1/6/15,-0.057,-0.058,-0.108,0.445
1/7/15,-0.084,-0.088,-0.111,0.483
1/8/15,-0.099,-0.098,-0.106,0.509
1/9/15,-0.1,-0.105,-0.122,0.491
1/12/15,-0.106,-0.104,-0.117,0.478
1/13/15,-0.114,-0.107,-0.124,0.476
1/14/15,-0.124,-0.118,-0.122,0.423
1/15/15,-0.139,-0.134,-0.148,0.473
1/16/15,-0.148,-0.143,-0.165,0.452
1/19/15,-0.159,-0.155,-0.171,0.439
1/20/15,-0.15,-0.15,-0.159,0.448
1/21/15,-0.15,-0.147,-0.168,0.523
1/22/15,-0.153,-0.156,-0.173,0.446
1/23/15,-0.131,-0.13,-0.169,0.361
1/26/15,-0.111,-0.111,-0.151,0.394
1/27/15,-0.102,-0.101,-0.158,0.381
1/28/15,-0.094,-0.096,-0.171,0.352
1/29/15,-0.103,-0.103,-0.18,0.358
1/30/15,-0.104,-0.106,-0.187,0.302
2/2/15,-0.103,-0.1,-0.185,0.312
2/3/15,-0.104,-0.1,-0.196,0.344
2/4/15,-0.103,-0.112,-0.193,0.365
2/5/15,-0.107,-0.116,-0.197,0.365
2/6/15,-0.112,-0.114,-0.209,0.374
2/9/15,-0.109,-0.109,-0.205,0.354
2/10/15,-0.111,-0.115,-0.219,0.369
2/11/15,-0.112,-0.113,-0.222,0.354
2/12/15,-0.114,-0.114,-0.226,0.318
2/13/15,-0.12,-0.116,-0.223,0.341
2/16/15,-0.119,-0.116,-0.227,0.333
2/17/15,-0.116,-0.115,-0.216,0.37
2/18/15,-0.111,-0.113,-0.226,0.38
2/19/15,-0.111,-0.113,-0.217,0.379
2/20/15,-0.104,-0.107,-0.225,0.365
2/23/15,-0.099,-0.107,-0.22,0.364
2/24/15,-0.098,-0.106,-0.222,0.374
2/25/15,-0.099,-0.108,-0.234,0.324
2/26/15,-0.121,-0.125,-0.238,0.297
2/27/15,-0.122,-0.123,-0.229,0.327
3/2/15,-0.122,-0.127,-0.216,0.355
3/3/15,-0.122,-0.118,-0.213,0.361
3/4/15,-0.117,-0.12,-0.206,0.382
3/5/15,-0.126,-0.123,-0.205,0.347
3/6/15,-0.123,-0.124,-0.211,0.393
3/9/15,-0.126,-0.128,-0.222,0.311
3/10/15,-0.137,-0.142,-0.24,0.233
3/11/15,-0.149,-0.15,-0.241,0.208
3/12/15,-0.162,-0.165,-0.236,0.247
3/13/15,-0.164,-0.162,-0.234,0.256
3/16/15,-0.171,-0.166,-0.215,0.278
3/17/15,-0.166,-0.157,-0.209,0.281
3/18/15,-0.17,-0.16,-0.234,0.196
3/19/15,-0.218,-0.173,-0.237,0.186
3/20/15,-0.203,-0.187,-0.24,0.183
3/23/15,-0.178,-0.176,-0.228,0.223
3/24/15,-0.176,-0.172,-0.224,0.235
3/25/15,-0.149,-0.161,-0.237,0.219
3/26/15,-0.169,-0.163,-0.248,0.214
3/27/15,-0.166,-0.161,-0.249,0.206
3/30/15,-0.161,-0.153,-0.249,0.205
3/31/15,-0.156,-0.158,-0.255,0.18
4/1/15,-0.161,-0.166,-0.259,0.166
4/2/15,-0.165,-0.169,-0.257,0.193
4/3/15,-0.165,-0.169,-0.257,0.193
4/6/15,-0.165,-0.169,-0.257,0.193
4/7/15,-0.171,-0.171,-0.269,0.185
4/8/15,-0.178,-0.177,-0.286,0.162
4/9/15,-0.187,-0.188,-0.278,0.159
4/10/15,-0.189,-0.187,-0.281,0.154
4/13/15,-0.189,-0.192,-0.279,0.156
4/14/15,-0.188,-0.197,-0.281,0.137
4/15/15,-0.186,-0.194,-0.276,0.106
4/16/15,-0.188,-0.194,-0.277,0.084
4/17/15,-0.184,-0.194,-0.272,0.077
4/20/15,-0.184,-0.183,-0.269,0.074
4/21/15,-0.191,-0.188,-0.269,0.1
4/22/15,-0.186,-0.187,-0.263,0.164
4/23/15,-0.184,-0.183,-0.267,0.164
4/24/15,-0.182,-0.184,-0.264,0.154
4/27/15,-0.187,-0.18,-0.271,0.161
4/28/15,-0.19,-0.192,-0.274,0.162
4/29/15,-0.192,-0.187,-0.238,0.284
4/30/15,-0.184,-0.184,-0.224,0.364
5/1/15,-0.186,-0.188,-0.227,0.37
5/4/15,-0.182,-0.177,-0.219,0.452
5/5/15,-0.182,-0.179,-0.225,0.514
5/6/15,-0.182,-0.179,-0.222,0.585
5/7/15,-0.182,-0.179,-0.208,0.589
5/8/15,-0.187,-0.18,-0.208,0.546
5/11/15,-0.187,-0.177,-0.208,0.609
5/12/15,-0.171,-0.167,-0.201,0.674
5/13/15,-0.18,-0.172,-0.192,0.723
5/14/15,-0.178,-0.173,-0.187,0.701
5/15/15,-0.178,-0.174,-0.199,0.623
5/18/15,-0.18,-0.172,-0.198,0.648
5/19/15,-0.184,-0.181,-0.214,0.593
5/20/15,-0.184,-0.186,-0.216,0.631
5/21/15,-0.187,-0.187,-0.224,0.638
5/22/15,-0.196,-0.191,-0.219,0.602
5/25/15,-0.199,-0.192,-0.216,0.603
5/26/15,-0.199,-0.192,-0.229,0.545
5/27/15,-0.19,-0.193,-0.232,0.553
5/28/15,-0.192,-0.191,-0.229,0.529
5/29/15,-0.193,-0.19,-0.229,0.486
6/1/15,-0.191,-0.186,-0.219,0.54
6/2/15,-0.186,-0.185,-0.197,0.713
6/3/15,-0.186,-0.189,-0.187,0.881
6/4/15,-0.189,-0.182,-0.189,0.837
6/5/15,-0.187,-0.18,-0.182,0.843
6/8/15,-0.192,-0.18,-0.172,0.878
6/9/15,-0.192,-0.175,-0.16,0.949
6/10/15,-0.188,-0.179,-0.167,0.98
6/11/15,-0.182,-0.177,-0.172,0.883
6/12/15,-0.182,-0.181,-0.187,0.833
6/15/15,-0.18,-0.18,-0.187,0.823
6/16/15,-0.173,-0.173,-0.197,0.796
6/17/15,-0.178,-0.174,-0.198,0.807
6/18/15,-0.189,-0.173,-0.201,0.806
6/19/15,-0.191,-0.175,-0.206,0.75
6/22/15,-0.192,-0.165,-0.192,0.883
6/23/15,-0.186,-0.168,-0.192,0.871
6/24/15,-0.196,-0.17,-0.2,0.843
6/25/15,-0.197,-0.175,-0.204,0.861
6/26/15,-0.193,-0.177,-0.193,0.921
6/29/15,-0.191,-0.176,-0.216,0.794
6/30/15,-0.18,-0.18,-0.229,0.763
7/1/15,-0.189,-0.184,-0.242,0.812
7/2/15,-0.187,-0.185,-0.252,0.844
7/3/15,-0.189,-0.182,-0.256,0.789
7/6/15,-0.196,-0.18,-0.252,0.763
7/7/15,-0.192,-0.18,-0.265,0.642
7/8/15,-0.19,-0.18,-0.265,0.67
7/9/15,-0.192,-0.191,-0.259,0.718
7/10/15,-0.195,-0.191,-0.212,0.896
7/13/15,-0.195,-0.197,-0.227,0.854
7/14/15,-0.197,-0.189,-0.23,0.835
7/15/15,-0.213,-0.193,-0.234,0.827
7/16/15,-0.216,-0.202,-0.222,0.832
7/17/15,-0.214,-0.2,-0.222,0.787
7/20/15,-0.22,-0.202,-0.22,0.761
7/21/15,-0.206,-0.201,-0.223,0.78
7/22/15,-0.202,-0.205,-0.23,0.746
7/23/15,-0.199,-0.204,-0.23,0.741
7/24/15,-0.201,-0.203,-0.227,0.69
7/27/15,-0.191,-0.195,-0.226,0.69
7/28/15,-0.197,-0.193,-0.236,0.689
7/29/15,-0.202,-0.195,-0.244,0.716
7/30/15,-0.196,-0.204,-0.241,0.649
7/31/15,-0.208,-0.2,-0.235,0.643
8/3/15,-0.206,-0.197,-0.243,0.628
8/4/15,-0.204,-0.199,-0.252,0.638
8/5/15,-0.206,-0.199,-0.248,0.753
8/6/15,-0.201,-0.201,-0.244,0.708
8/7/15,-0.205,-0.203,-0.263,0.661
8/10/15,-0.195,-0.202,-0.27,0.697
8/11/15,-0.199,-0.198,-0.277,0.631
8/12/15,-0.202,-0.199,-0.286,0.603
8/13/15,-0.205,-0.199,-0.28,0.629
8/14/15,-0.208,-0.203,-0.272,0.659
8/17/15,-0.206,-0.2,-0.259,0.626
8/18/15,-0.202,-0.201,-0.257,0.641
8/19/15,-0.208,-0.201,-0.26,0.618
8/20/15,-0.215,-0.203,-0.259,0.581
8/21/15,-0.22,-0.203,-0.258,0.563
8/24/15,-0.21,-0.206,-0.256,0.591
8/25/15,-0.204,-0.207,-0.242,0.729
8/26/15,-0.206,-0.224,-0.232,0.703
8/27/15,-0.203,-0.219,-0.226,0.741
8/28/15,-0.203,-0.218,-0.212,0.741
8/31/15,-0.208,-0.204,-0.207,0.797
9/1/15,-0.204,-0.201,-0.217,0.796
9/2/15,-0.206,-0.197,-0.211,0.781
9/3/15,-0.203,-0.204,-0.243,0.723
9/4/15,-0.201,-0.197,-0.239,0.666
9/7/15,-0.199,-0.193,-0.229,0.674
9/8/15,-0.199,-0.193,-0.225,0.675
9/9/15,-0.202,-0.19,-0.229,0.697
9/10/15,-0.196,-0.189,-0.228,0.694
9/11/15,-0.194,-0.195,-0.234,0.652
9/14/15,-0.196,-0.195,-0.239,0.654
9/15/15,-0.196,-0.195,-0.232,0.742
9/16/15,-0.194,-0.189,-0.223,0.773
9/17/15,-0.192,-0.193,-0.207,0.779
9/18/15,-0.193,-0.196,-0.238,0.662
9/21/15,-0.193,-0.187,-0.237,0.683
9/22/15,-0.199,-0.195,-0.265,0.589
9/23/15,-0.202,-0.197,-0.258,0.596
9/24/15,-0.21,-0.204,-0.25,0.602
9/25/15,-0.221,-0.205,-0.246,0.647
9/28/15,-0.22,-0.198,-0.259,0.585
9/29/15,-0.196,-0.198,-0.255,0.582
9/30/15,-0.198,-0.202,-0.255,0.586
10/1/15,-0.203,-0.212,-0.271,0.535
10/2/15,-0.203,-0.217,-0.269,0.509
10/5/15,-0.195,-0.218,-0.262,0.565
10/6/15,-0.202,-0.206,-0.251,0.595
10/7/15,-0.197,-0.205,-0.252,0.592
10/8/15,-0.196,-0.207,-0.251,0.585
10/9/15,-0.196,-0.207,-0.251,0.615
#########,-0.194,-0.201,-0.259,0.577
#########,-0.196,-0.196,-0.255,0.586
#########,-0.2,-0.198,-0.263,0.54
#########,-0.203,-0.204,-0.264,0.549
#########,-0.203,-0.205,-0.272,0.547
#########,-0.199,-0.203,-0.27,0.564
#########,-0.197,-0.2,-0.245,0.625
#########,-0.204,-0.202,-0.259,0.567
#########,-0.223,-0.232,-0.32,0.495
#########,-0.251,-0.254,-0.322,0.511
#########,-0.257,-0.245,-0.328,0.499
#########,-0.26,-0.252,-0.341,0.442
#########,-0.267,-0.259,-0.347,0.438
#########,-0.268,-0.258,-0.328,0.53
#########,-0.267,-0.264,-0.317,0.517
11/2/15,-0.257,-0.26,-0.307,0.557
11/3/15,-0.26,-0.255,-0.324,0.573
11/4/15,-0.257,-0.259,-0.321,0.598
11/5/15,-0.255,-0.266,-0.32,0.606
11/6/15,-0.251,-0.252,-0.294,0.692
11/9/15,-0.259,-0.258,-0.332,0.661
#########,-0.26,-0.261,-0.355,0.62
#########,-0.259,-0.266,-0.362,0.61
#########,-0.276,-0.271,-0.357,0.607
#########,-0.279,-0.275,-0.373,0.558
#########,-0.278,-0.279,-0.369,0.529
#########,-0.286,-0.286,-0.382,0.523
#########,-0.294,-0.299,-0.377,0.505
#########,-0.321,-0.309,-0.384,0.478
#########,-0.325,-0.312,-0.393,0.479
#########,-0.329,-0.321,-0.395,0.529
#########,-0.32,-0.314,-0.383,0.516
#########,-0.331,-0.341,-0.422,0.47
#########,-0.335,-0.34,-0.421,0.469
#########,-0.343,-0.355,-0.419,0.459
#########,-0.343,-0.37,-0.419,0.472
12/1/15,-0.347,-0.357,-0.442,0.467
12/2/15,-0.388,-0.367,-0.445,0.469
12/3/15,-0.33,-0.305,-0.313,0.665
12/4/15,-0.309,-0.289,-0.307,0.677
12/7/15,-0.287,-0.284,-0.324,0.581
12/8/15,-0.289,-0.286,-0.316,0.57
12/9/15,-0.299,-0.298,-0.323,0.599
#########,-0.314,-0.306,-0.337,0.567
#########,-0.317,-0.31,-0.353,0.539
#########,-0.332,-0.322,-0.341,0.573
#########,-0.334,-0.326,-0.342,0.64
#########,-0.336,-0.335,-0.331,0.677
#########,-0.36,-0.358,-0.349,0.598
#########,-0.367,-0.376,-0.358,0.547
#########,-0.381,-0.376,-0.366,0.549
#########,-0.4,-0.383,-0.349,0.601
#########,-0.405,-0.385,-0.342,0.626
#########,-0.395,-0.385,-0.337,0.635
#########,-0.395,-0.385,-0.337,0.635
#########,-0.421,-0.389,-0.342,0.562
#########,-0.448,-0.396,-0.337,0.628
#########,-0.448,-0.41,-0.349,0.628
#########,-0.448,-0.41,-0.349,0.628
1/1/16,-0.448,-0.41,-0.349,0.628
1/4/16,-0.451,-0.425,-0.355,0.565
1/5/16,-0.426,-0.397,-0.379,0.539
1/6/16,-0.418,-0.401,-0.388,0.502
1/7/16,-0.412,-0.393,-0.386,0.538
1/8/16,-0.4,-0.391,-0.398,0.513
1/11/16,-0.396,-0.391,-0.387,0.54
1/12/16,-0.39,-0.391,-0.388,0.532
1/13/16,-0.386,-0.384,-0.387,0.566
1/14/16,-0.389,-0.38,-0.386,0.573
1/15/16,-0.385,-0.379,-0.397,0.539
1/18/16,-0.383,-0.371,-0.4,0.536
1/19/16,-0.36,-0.361,-0.399,0.548
1/20/16,-0.36,-0.365,-0.417,0.481
1/21/16,-0.362,-0.379,-0.45,0.449
1/22/16,-0.364,-0.377,-0.449,0.483
1/25/16,-0.355,-0.368,-0.451,0.471
1/26/16,-0.347,-0.358,-0.46,0.445
1/27/16,-0.351,-0.359,-0.446,0.443
1/28/16,-0.36,-0.364,-0.452,0.403
1/29/16,-0.374,-0.376,-0.49,0.324
2/1/16,-0.371,-0.363,-0.47,0.35
2/2/16,-0.354,-0.365,-0.48,0.306
2/3/16,-0.36,-0.371,-0.504,0.274
2/4/16,-0.353,-0.374,-0.49,0.302
2/5/16,-0.36,-0.375,-0.496,0.295
2/8/16,-0.351,-0.373,-0.514,0.217
2/9/16,-0.353,-0.375,-0.523,0.233
2/10/16,-0.351,-0.373,-0.517,0.241
2/11/16,-0.385,-0.383,-0.545,0.186
2/12/16,-0.38,-0.377,-0.511,0.26
2/15/16,-0.383,-0.38,-0.523,0.237
2/16/16,-0.371,-0.378,-0.519,0.265
2/17/16,-0.374,-0.376,-0.513,0.268
2/18/16,-0.384,-0.383,-0.522,0.217
2/19/16,-0.387,-0.392,-0.534,0.201
2/22/16,-0.379,-0.387,-0.536,0.175
2/23/16,-0.385,-0.391,-0.532,0.183
2/24/16,-0.394,-0.399,-0.523,0.153
2/25/16,-0.409,-0.433,-0.539,0.137
2/26/16,-0.414,-0.435,-0.549,0.146
2/29/16,-0.42,-0.433,-0.574,0.106
3/1/16,-0.426,-0.431,-0.565,0.145
3/2/16,-0.426,-0.433,-0.554,0.206
3/3/16,-0.431,-0.437,-0.585,0.169
3/4/16,-0.425,-0.433,-0.542,0.237
3/7/16,-0.426,-0.43,-0.553,0.224
3/8/16,-0.427,-0.432,-0.568,0.181
3/9/16,-0.428,-0.426,-0.542,0.24
3/10/16,-0.432,-0.405,-0.456,0.305
3/11/16,-0.426,-0.409,-0.467,0.27
3/14/16,-0.434,-0.416,-0.463,0.279
3/15/16,-0.418,-0.418,-0.454,0.315
3/16/16,-0.424,-0.422,-0.456,0.31
3/17/16,-0.427,-0.437,-0.471,0.229
3/18/16,-0.432,-0.444,-0.478,0.211
3/21/16,-0.428,-0.442,-0.481,0.23
3/22/16,-0.425,-0.43,-0.483,0.21
3/23/16,-0.424,-0.43,-0.49,0.193
3/24/16,-0.423,-0.431,-0.486,0.179
3/25/16,-0.423,-0.431,-0.486,0.179
3/28/16,-0.423,-0.431,-0.486,0.179
3/29/16,-0.424,-0.417,-0.5,0.137
3/30/16,-0.424,-0.423,-0.492,0.156
3/31/16,-0.424,-0.428,-0.489,0.152
4/1/16,-0.423,-0.429,-0.484,0.133
4/4/16,-0.424,-0.433,-0.478,0.13
4/5/16,-0.422,-0.433,-0.489,0.098
4/6/16,-0.432,-0.43,-0.491,0.118
4/7/16,-0.432,-0.435,-0.511,0.089
4/8/16,-0.433,-0.433,-0.518,0.095
4/11/16,-0.434,-0.435,-0.524,0.11
4/12/16,-0.436,-0.437,-0.517,0.164
4/13/16,-0.448,-0.449,-0.52,0.127
4/14/16,-0.493,-0.491,-0.507,0.166
4/15/16,-0.499,-0.5,-0.513,0.127
4/18/16,-0.492,-0.498,-0.506,0.16
4/19/16,-0.494,-0.492,-0.506,0.168
4/20/16,-0.493,-0.491,-0.507,0.153
4/21/16,-0.489,-0.488,-0.488,0.238
4/22/16,-0.486,-0.486,-0.504,0.23
4/25/16,-0.488,-0.479,-0.502,0.263
4/26/16,-0.473,-0.48,-0.493,0.299
4/27/16,-0.481,-0.48,-0.495,0.286
4/28/16,-0.493,-0.482,-0.499,0.256
4/29/16,-0.482,-0.482,-0.485,0.271
5/2/16,-0.475,-0.472,-0.478,0.266
5/3/16,-0.479,-0.477,-0.498,0.2
5/4/16,-0.487,-0.486,-0.498,0.203
5/5/16,-0.487,-0.486,-0.512,0.161
5/6/16,-0.484,-0.484,-0.517,0.143
5/9/16,-0.49,-0.484,-0.517,0.125
5/10/16,-0.503,-0.492,-0.51,0.123
5/11/16,-0.505,-0.492,-0.516,0.125
5/12/16,-0.531,-0.491,-0.515,0.154
5/13/16,-0.533,-0.495,-0.515,0.123
5/16/16,-0.529,-0.498,-0.516,0.142
5/17/16,-0.522,-0.501,-0.512,0.132
5/18/16,-0.522,-0.5,-0.51,0.167
5/19/16,-0.523,-0.499,-0.507,0.169
5/20/16,-0.519,-0.496,-0.508,0.164
5/23/16,-0.518,-0.498,-0.51,0.176
5/24/16,-0.499,-0.499,-0.509,0.176
5/25/16,-0.495,-0.497,-0.515,0.151
5/26/16,-0.5,-0.497,-0.522,0.145
5/27/16,-0.497,-0.493,-0.525,0.137
5/30/16,-0.492,-0.479,-0.518,0.166
5/31/16,-0.494,-0.487,-0.517,0.138
6/1/16,-0.489,-0.489,-0.517,0.135
6/2/16,-0.496,-0.488,-0.522,0.113
6/3/16,-0.491,-0.488,-0.537,0.067
6/6/16,-0.49,-0.491,-0.545,0.085
6/7/16,-0.491,-0.49,-0.541,0.049
6/8/16,-0.497,-0.492,-0.542,0.054
6/9/16,-0.498,-0.496,-0.549,0.032
6/10/16,-0.497,-0.493,-0.547,0.02
6/13/16,-0.488,-0.494,-0.553,0.023
6/14/16,-0.485,-0.488,-0.584,-0.004
6/15/16,-0.487,-0.506,-0.596,-0.011
6/16/16,-0.501,-0.51,-0.605,-0.025
6/17/16,-0.507,-0.51,-0.609,0.018
6/20/16,-0.516,-0.507,-0.589,0.05
6/21/16,-0.433,-0.511,-0.585,0.049
6/22/16,-0.523,-0.52,-0.585,0.061
6/23/16,-0.518,-0.528,-0.568,0.093
6/24/16,-0.539,-0.547,-0.649,-0.049
6/27/16,-0.535,-0.542,-0.654,-0.117
6/28/16,-0.557,-0.547,-0.661,-0.113
6/29/16,-0.561,-0.551,-0.654,-0.127
6/30/16,-0.573,-0.558,-0.663,-0.131
7/1/16,-0.59,-0.576,-0.653,-0.127
7/4/16,-0.584,-0.572,-0.673,-0.142
7/5/16,-0.573,-0.575,-0.684,-0.186
7/6/16,-0.572,-0.575,-0.681,-0.177
7/7/16,-0.579,-0.592,-0.685,-0.171
7/8/16,-0.579,-0.59,-0.696,-0.189
7/11/16,-0.576,-0.593,-0.7,-0.168
7/12/16,-0.578,-0.568,-0.67,-0.091
7/13/16,-0.59,-0.571,-0.676,-0.075
7/14/16,-0.594,-0.567,-0.664,-0.041
7/15/16,-0.595,-0.57,-0.653,0.005
7/18/16,-0.584,-0.561,-0.652,-0.017
7/19/16,-0.412,-0.563,-0.646,-0.031
7/20/16,-0.572,-0.558,-0.631,-0.012
7/21/16,-0.573,-0.553,-0.624,-0.018
7/22/16,-0.569,-0.558,-0.618,-0.031
7/25/16,-0.565,-0.555,-0.616,-0.043
7/26/16,-0.561,-0.557,-0.613,-0.029
7/27/16,-0.563,-0.557,-0.625,-0.081
7/28/16,-0.562,-0.557,-0.621,-0.091
7/29/16,-0.581,-0.558,-0.632,-0.121
8/1/16,-0.581,-0.556,-0.623,-0.1
8/2/16,-0.567,-0.556,-0.606,-0.038
8/3/16,-0.567,-0.558,-0.598,-0.039
8/4/16,-0.581,-0.583,-0.615,-0.097
8/5/16,-0.585,-0.582,-0.619,-0.068
8/8/16,-0.584,-0.586,-0.626,-0.067
8/9/16,-0.588,-0.586,-0.627,-0.078
8/10/16,-0.593,-0.591,-0.64,-0.11
8/11/16,-0.6,-0.596,-0.631,-0.094
8/12/16,-0.603,-0.598,-0.629,-0.11
8/15/16,-0.599,-0.614,-0.615,-0.076
8/16/16,-0.621,-0.594,-0.614,-0.031
8/17/16,-0.582,-0.595,-0.619,-0.051
8/18/16,-0.587,-0.598,-0.624,-0.083
8/19/16,-0.586,-0.592,-0.615,-0.034
8/22/16,-0.584,-0.591,-0.629,-0.091
8/23/16,-0.583,-0.59,-0.635,-0.097
8/24/16,-0.59,-0.594,-0.63,-0.091
8/25/16,-0.592,-0.592,-0.619,-0.072
8/26/16,-0.592,-0.592,-0.62,-0.073
8/29/16,-0.591,-0.586,-0.629,-0.085
8/30/16,-0.575,-0.585,-0.624,-0.093
8/31/16,-0.576,-0.588,-0.625,-0.066
9/1/16,-0.577,-0.611,-0.63,-0.068
9/2/16,-0.579,-0.612,-0.638,-0.045
9/5/16,-0.573,-0.621,-0.647,-0.049
9/6/16,-0.574,-0.588,-0.679,-0.112
9/7/16,-0.572,-0.595,-0.676,-0.118
9/8/16,-0.573,-0.58,-0.651,-0.063
9/9/16,-0.574,-0.577,-0.64,0.009
9/12/16,-0.563,-0.569,-0.635,0.037
9/13/16,-0.547,-0.568,-0.628,0.069
9/14/16,-0.559,-0.58,-0.654,0.02
9/15/16,-0.575,-0.583,-0.652,0.03
9/16/16,-0.577,-0.586,-0.66,0.006
9/19/16,-0.586,-0.586,-0.657,0.015
9/20/16,-0.591,-0.588,-0.668,-0.019
9/21/16,-0.607,-0.599,-0.663,0.001
9/22/16,-0.667,-0.62,-0.676,-0.098
9/23/16,-0.751,-0.624,-0.677,-0.083
9/26/16,-0.747,-0.623,-0.688,-0.118
9/27/16,-0.65,-0.63,-0.708,-0.141
9/28/16,-0.661,-0.666,-0.702,-0.147
9/29/16,-0.675,-0.684,-0.696,-0.119
9/30/16,-0.69,-0.694,-0.693,-0.122
10/3/16,-0.677,-0.691,-0.694,-0.094
10/4/16,-0.68,-0.664,-0.689,-0.056
10/5/16,-0.678,-0.667,-0.678,-0.006
10/6/16,-0.678,-0.667,-0.677,-0.02
10/7/16,-0.671,-0.676,-0.671,0.018
#########,-0.673,-0.668,-0.669,0.054
#########,-0.689,-0.667,-0.674,0.024
#########,-0.688,-0.675,-0.66,0.065
#########,-0.683,-0.675,-0.665,0.037
#########,-0.67,-0.666,-0.666,0.056
#########,-0.676,-0.661,-0.663,0.053
#########,-0.689,-0.66,-0.674,0.034
#########,-0.693,-0.664,-0.671,0.028
#########,-0.687,-0.661,-0.672,0.002
#########,-0.694,-0.661,-0.667,0.005
#########,-0.693,-0.659,-0.659,0.022
#########,-0.692,-0.668,-0.654,0.029
#########,-0.699,-0.679,-0.644,0.084
#########,-0.731,-0.686,-0.629,0.169
#########,-0.723,-0.699,-0.624,0.166
#########,-0.74,-0.703,-0.626,0.161
11/1/16,-0.734,-0.684,-0.627,0.177
11/2/16,-0.734,-0.684,-0.64,0.129
11/3/16,-0.742,-0.691,-0.639,0.157
11/4/16,-0.742,-0.698,-0.645,0.133
11/7/16,-0.742,-0.711,-0.639,0.152
11/8/16,-0.749,-0.711,-0.638,0.186
11/9/16,-0.749,-0.717,-0.634,0.202
#########,-0.75,-0.709,-0.625,0.272
#########,-0.738,-0.711,-0.61,0.307
#########,-0.682,-0.667,-0.62,0.317
#########,-0.673,-0.668,-0.632,0.306
#########,-0.675,-0.671,-0.64,0.296
#########,-0.68,-0.666,-0.643,0.277
#########,-0.687,-0.667,-0.674,0.27
#########,-0.693,-0.65,-0.688,0.272
#########,-0.677,-0.655,-0.744,0.218
#########,-0.692,-0.693,-0.713,0.261
#########,-0.731,-0.697,-0.742,0.257
#########,-0.788,-0.719,-0.757,0.238
#########,-0.736,-0.727,-0.765,0.203
#########,-0.743,-0.717,-0.758,0.219
#########,-0.791,-0.733,-0.735,0.273
12/1/16,-0.782,-0.741,-0.741,0.366
12/2/16,-0.781,-0.722,-0.746,0.279
12/5/16,-0.786,-0.728,-0.718,0.33
12/6/16,-0.753,-0.727,-0.702,0.37
12/7/16,-0.759,-0.754,-0.685,0.343
12/8/16,-0.788,-0.764,-0.749,0.38
12/9/16,-0.744,-0.737,-0.771,0.362
#########,-0.759,-0.712,-0.754,0.396
#########,-0.769,-0.72,-0.757,0.356
#########,-0.787,-0.731,-0.781,0.298
#########,-0.864,-0.763,-0.789,0.362
#########,-0.926,-0.864,-0.805,0.312
#########,-0.975,-0.883,-0.812,0.244
#########,-0.976,-0.88,-0.795,0.265
#########,-0.953,-0.875,-0.801,0.243
#########,-0.972,-0.884,-0.805,0.257
#########,-0.991,-0.885,-0.808,0.218
#########,-0.991,-0.885,-0.808,0.218
#########,-0.997,-0.892,-0.837,0.203
#########,-1.041,-0.919,-0.829,0.191
#########,-0.91,-1.008,-0.802,0.171
#########,-0.904,-0.861,-0.8,0.204
1/2/17,-0.867,-0.765,-0.794,0.185
1/3/17,-0.689,-0.676,-0.786,0.261
1/4/17,-0.703,-0.692,-0.788,0.273
1/5/17,-0.687,-0.665,-0.741,0.24
1/6/17,-0.645,-0.625,-0.735,0.296
1/9/17,-0.644,-0.626,-0.744,0.275
1/10/17,-0.66,-0.641,-0.734,0.283
1/11/17,-0.69,-0.647,-0.724,0.324
1/12/17,-0.676,-0.642,-0.725,0.312
1/13/17,-0.645,-0.603,-0.724,0.336
1/16/17,-0.602,-0.557,-0.747,0.321
1/17/17,-0.581,-0.567,-0.742,0.32
1/18/17,-0.605,-0.584,-0.725,0.353
1/19/17,-0.607,-0.581,-0.71,0.378
1/20/17,-0.554,-0.557,-0.68,0.42
1/23/17,-0.569,-0.572,-0.694,0.361
1/24/17,-0.569,-0.562,-0.68,0.406
1/25/17,-0.572,-0.559,-0.663,0.463
1/26/17,-0.56,-0.543,-0.658,0.482
1/27/17,-0.578,-0.541,-0.674,0.46
1/30/17,-0.572,-0.571,-0.686,0.447
1/31/17,-0.581,-0.586,-0.71,0.434
2/1/17,-0.627,-0.624,-0.723,0.466
2/2/17,-0.62,-0.624,-0.746,0.424
2/3/17,-0.598,-0.611,-0.749,0.41
2/6/17,-0.681,-0.684,-0.78,0.368
2/7/17,-0.68,-0.688,-0.788,0.348
2/8/17,-0.682,-0.697,-0.799,0.294
2/9/17,-0.663,-0.678,-0.784,0.31
2/10/17,-0.657,-0.679,-0.8,0.318
2/13/17,-0.657,-0.698,-0.801,0.33
2/14/17,-0.667,-0.695,-0.805,0.364
2/15/17,-0.664,-0.684,-0.801,0.372
2/16/17,-0.658,-0.684,-0.783,0.347
2/17/17,-0.658,-0.674,-0.822,0.3
2/20/17,-0.638,-0.649,-0.857,0.295
2/21/17,-0.617,-0.611,-0.872,0.298
2/22/17,-0.605,-0.609,-0.892,0.277
2/23/17,-0.603,-0.611,-0.919,0.23
2/24/17,-0.654,-0.628,-0.956,0.184
2/27/17,-0.684,-0.65,-0.936,0.197
2/28/17,-0.657,-0.665,-0.909,0.206
3/1/17,-0.66,-0.661,-0.837,0.28
3/2/17,-0.671,-0.661,-0.84,0.315
3/3/17,-0.677,-0.679,-0.814,0.353
3/6/17,-0.723,-0.711,-0.833,0.338
3/7/17,-0.74,-0.722,-0.88,0.317
3/8/17,-0.76,-0.722,-0.856,0.367
3/9/17,-0.832,-0.77,-0.868,0.423
3/10/17,-0.843,-0.742,-0.842,0.481
3/13/17,-0.831,-0.733,-0.816,0.469
3/14/17,-0.767,-0.735,-0.819,0.443
3/15/17,-0.713,-0.724,-0.83,0.412
3/16/17,-0.725,-0.738,-0.8,0.445
3/17/17,-0.696,-0.737,-0.783,0.432
3/20/17,-0.644,-0.678,-0.788,0.438
3/21/17,-0.658,-0.616,-0.752,0.457
3/22/17,-0.662,-0.619,-0.776,0.406
3/23/17,-0.673,-0.617,-0.744,0.429
3/24/17,-0.682,-0.639,-0.75,0.401
3/27/17,-0.658,-0.599,-0.715,0.399
3/28/17,-0.621,-0.598,-0.709,0.386
3/29/17,-0.608,-0.593,-0.757,0.342
3/30/17,-0.564,-0.547,-0.743,0.33
3/31/17,-0.571,-0.567,-0.75,0.325
4/3/17,-0.563,-0.56,-0.813,0.275
4/4/17,-0.557,-0.554,-0.797,0.256
4/5/17,-0.557,-0.552,-0.804,0.256
4/6/17,-0.56,-0.555,-0.788,0.261
4/7/17,-0.553,-0.559,-0.816,0.226
4/10/17,-0.532,-0.529,-0.85,0.204
4/11/17,-0.545,-0.527,-0.859,0.203
4/12/17,-0.563,-0.54,-0.849,0.196
4/13/17,-0.565,-0.547,-0.869,0.186
4/14/17,-0.565,-0.547,-0.869,0.186
4/17/17,-0.565,-0.547,-0.869,0.186
4/18/17,-0.52,-0.525,-0.869,0.155
4/19/17,-0.528,-0.508,-0.81,0.201
4/20/17,-0.526,-0.503,-0.798,0.242
4/21/17,-0.521,-0.514,-0.799,0.251
4/24/17,-0.593,-0.563,-0.701,0.327
4/25/17,-0.567,-0.563,-0.686,0.376
4/26/17,-0.567,-0.565,-0.7,0.35
4/27/17,-0.563,-0.564,-0.747,0.294
4/28/17,-0.563,-0.557,-0.74,0.315
5/1/17,-0.563,-0.557,-0.74,0.315
5/2/17,-0.548,-0.535,-0.727,0.326
5/3/17,-0.542,-0.534,-0.726,0.324
5/4/17,-0.551,-0.543,-0.705,0.392
5/5/17,-0.555,-0.549,-0.686,0.416
5/8/17,-0.574,-0.566,-0.672,0.416
5/9/17,-0.598,-0.55,-0.676,0.428
5/10/17,-0.58,-0.556,-0.67,0.419
5/11/17,-0.591,-0.568,-0.674,0.43
5/12/17,-0.596,-0.584,-0.684,0.389
5/15/17,-0.588,-0.605,-0.683,0.418
5/16/17,-0.589,-0.617,-0.665,0.433
5/17/17,-0.596,-0.612,-0.691,0.376
5/18/17,-0.598,-0.616,-0.702,0.342
5/19/17,-0.597,-0.617,-0.688,0.366
5/22/17,-0.6,-0.605,-0.681,0.395
5/23/17,-0.589,-0.604,-0.652,0.408
5/24/17,-0.598,-0.604,-0.659,0.401
5/25/17,-0.598,-0.603,-0.679,0.36
5/26/17,-0.596,-0.602,-0.692,0.328
5/29/17,-0.595,-0.596,-0.723,0.294
5/30/17,-0.602,-0.6,-0.717,0.29
5/31/17,-0.598,-0.598,-0.723,0.302
6/1/17,-0.598,-0.603,-0.716,0.303
6/2/17,-0.592,-0.601,-0.73,0.272
6/5/17,-0.602,-0.596,-0.714,0.285
6/6/17,-0.585,-0.596,-0.74,0.25
6/7/17,-0.588,-0.606,-0.731,0.267
6/8/17,-0.599,-0.615,-0.741,0.254
6/9/17,-0.598,-0.616,-0.74,0.261
6/12/17,-0.589,-0.624,-0.731,0.247
6/13/17,-0.591,-0.606,-0.708,0.265
6/14/17,-0.598,-0.615,-0.697,0.225
6/15/17,-0.6,-0.61,-0.66,0.281
6/16/17,-0.601,-0.61,-0.666,0.275
6/19/17,-0.601,-0.598,-0.661,0.279
6/20/17,-0.591,-0.601,-0.657,0.26
6/21/17,-0.594,-0.6,-0.64,0.264
6/22/17,-0.594,-0.611,-0.636,0.25
6/23/17,-0.601,-0.617,-0.63,0.253
6/26/17,-0.629,-0.636,-0.627,0.243
6/27/17,-0.621,-0.637,-0.568,0.368
6/28/17,-0.618,-0.631,-0.587,0.367
6/29/17,-0.619,-0.632,-0.572,0.45
6/30/17,-0.604,-0.61,-0.581,0.465
7/3/17,-0.6,-0.604,-0.595,0.475
7/4/17,-0.611,-0.606,-0.617,0.474
7/5/17,-0.614,-0.602,-0.608,0.468
7/6/17,-0.61,-0.593,-0.586,0.56
7/7/17,-0.59,-0.575,-0.605,0.571
7/10/17,-0.582,-0.563,-0.616,0.539
7/11/17,-0.576,-0.554,-0.608,0.548
7/12/17,-0.574,-0.558,-0.626,0.576
7/13/17,-0.58,-0.555,-0.619,0.6
7/14/17,-0.578,-0.562,-0.617,0.592
7/17/17,-0.577,-0.536,-0.629,0.578
7/18/17,-0.579,-0.535,-0.645,0.551
7/19/17,-0.59,-0.536,-0.645,0.54
7/20/17,-0.594,-0.536,-0.647,0.528
7/21/17,-0.607,-0.538,-0.645,0.505
7/24/17,-0.591,-0.531,-0.66,0.506
7/25/17,-0.585,-0.547,-0.656,0.564
7/26/17,-0.59,-0.556,-0.668,0.558
7/27/17,-0.596,-0.575,-0.678,0.534
7/28/17,-0.597,-0.58,-0.685,0.54
7/31/17,-0.623,-0.584,-0.688,0.541
8/1/17,-0.599,-0.58,-0.706,0.488
8/2/17,-0.608,-0.604,-0.698,0.483
8/3/17,-0.617,-0.621,-0.689,0.45
8/4/17,-0.622,-0.622,-0.692,0.466
8/7/17,-0.631,-0.636,-0.686,0.456
8/8/17,-0.632,-0.644,-0.669,0.472
8/9/17,-0.633,-0.641,-0.695,0.424
8/10/17,-0.633,-0.641,-0.701,0.412
8/11/17,-0.634,-0.644,-0.723,0.38
8/14/17,-0.63,-0.645,-0.725,0.404
8/15/17,-0.615,-0.641,-0.714,0.43
8/16/17,-0.616,-0.641,-0.715,0.442
8/17/17,-0.623,-0.64,-0.71,0.422
8/18/17,-0.62,-0.639,-0.709,0.413
8/21/17,-0.618,-0.631,-0.721,0.398
8/22/17,-0.628,-0.643,-0.725,0.398
8/23/17,-0.638,-0.643,-0.736,0.376
8/24/17,-0.639,-0.642,-0.743,0.374
8/25/17,-0.648,-0.643,-0.736,0.378
8/28/17,-0.642,-0.639,-0.751,0.374
8/29/17,-0.629,-0.637,-0.726,0.34
8/30/17,-0.63,-0.638,-0.731,0.357
8/31/17,-0.633,-0.64,-0.733,0.36
9/1/17,-0.632,-0.639,-0.731,0.376
9/4/17,-0.616,-0.641,-0.74,0.364
9/5/17,-0.621,-0.638,-0.755,0.336
9/6/17,-0.616,-0.639,-0.737,0.345
9/7/17,-0.623,-0.64,-0.764,0.304
9/8/17,-0.622,-0.635,-0.765,0.31
9/11/17,-0.616,-0.626,-0.757,0.334
9/12/17,-0.619,-0.634,-0.732,0.399
9/13/17,-0.618,-0.624,-0.723,0.399
9/14/17,-0.619,-0.619,-0.721,0.411
9/15/17,-0.615,-0.614,-0.703,0.43
9/18/17,-0.612,-0.627,-0.695,0.453
9/19/17,-0.611,-0.627,-0.691,0.45
9/20/17,-0.614,-0.628,-0.694,0.441
9/21/17,-0.612,-0.632,-0.685,0.453
9/22/17,-0.613,-0.632,-0.688,0.445
9/25/17,-0.616,-0.637,-0.715,0.399
9/26/17,-0.589,-0.648,-0.722,0.406
9/27/17,-0.591,-0.647,-0.705,0.466
9/28/17,-0.599,-0.648,-0.704,0.477
9/29/17,-0.591,-0.647,-0.697,0.462
10/2/17,-0.579,-0.643,-0.71,0.449
10/3/17,-0.578,-0.62,-0.71,0.46
10/4/17,-0.578,-0.62,-0.709,0.452
10/5/17,-0.569,-0.611,-0.698,0.454
10/6/17,-0.578,-0.612,-0.704,0.458
10/9/17,-0.585,-0.613,-0.707,0.442
#########,-0.687,-0.616,-0.705,0.44
#########,-0.686,-0.622,-0.7,0.461
#########,-0.698,-0.627,-0.711,0.443
#########,-0.693,-0.633,-0.731,0.402
#########,-0.695,-0.64,-0.744,0.37
#########,-0.695,-0.638,-0.737,0.363
#########,-0.686,-0.629,-0.729,0.395
#########,-0.678,-0.63,-0.736,0.394
#########,-0.682,-0.633,-0.721,0.451
#########,-0.698,-0.641,-0.732,0.43
#########,-0.683,-0.646,-0.71,0.474
#########,-0.68,-0.648,-0.709,0.48
#########,-0.679,-0.654,-0.749,0.414
#########,-0.685,-0.661,-0.773,0.382
#########,-0.682,-0.668,-0.759,0.365
#########,-0.684,-0.661,-0.754,0.362
11/1/17,-0.688,-0.666,-0.754,0.371
11/2/17,-0.696,-0.671,-0.754,0.371
11/3/17,-0.694,-0.669,-0.759,0.362
11/6/17,-0.705,-0.663,-0.769,0.334
11/7/17,-0.683,-0.675,-0.766,0.326
11/8/17,-0.678,-0.675,-0.765,0.325
11/9/17,-0.677,-0.675,-0.756,0.374
#########,-0.685,-0.671,-0.751,0.409
#########,-0.685,-0.67,-0.747,0.415
#########,-0.684,-0.673,-0.747,0.396
#########,-0.697,-0.672,-0.718,0.375
#########,-0.712,-0.681,-0.712,0.375
#########,-0.728,-0.691,-0.718,0.359
#########,-0.731,-0.686,-0.719,0.361
#########,-0.699,-0.686,-0.724,0.349
#########,-0.697,-0.686,-0.706,0.348
#########,-0.696,-0.685,-0.701,0.346
#########,-0.696,-0.689,-0.701,0.359
#########,-0.7,-0.684,-0.712,0.34
#########,-0.706,-0.68,-0.705,0.338
#########,-0.714,-0.679,-0.688,0.383
#########,-0.732,-0.686,-0.69,0.366
12/1/17,-0.733,-0.695,-0.711,0.304
12/4/17,-0.749,-0.684,-0.711,0.342
12/5/17,-0.709,-0.69,-0.736,0.318
12/6/17,-0.735,-0.711,-0.752,0.294
12/7/17,-0.744,-0.723,-0.767,0.292
12/8/17,-0.742,-0.731,-0.745,0.305
#########,-0.798,-0.746,-0.743,0.291
#########,-0.799,-0.747,-0.743,0.312
#########,-0.852,-0.776,-0.748,0.312
#########,-0.889,-0.783,-0.736,0.31
#########,-0.898,-0.794,-0.724,0.299
#########,-0.898,-0.782,-0.715,0.307
#########,-0.904,-0.782,-0.695,0.376
#########,-0.854,-0.756,-0.682,0.403
#########,-0.791,-0.737,-0.661,0.415
#########,-0.82,-0.738,-0.65,0.418
#########,-0.82,-0.738,-0.65,0.418
#########,-0.82,-0.738,-0.65,0.418
#########,-0.828,-0.739,-0.665,0.379
#########,-0.792,-0.725,-0.62,0.42
#########,-0.782,-0.72,-0.639,0.423
1/1/18,-0.782,-0.72,-0.64,0.423
1/2/18,-0.683,-0.626,-0.624,0.464
1/3/18,-0.601,-0.593,-0.626,0.438
1/4/18,-0.612,-0.597,-0.616,0.432
1/5/18,-0.606,-0.596,-0.614,0.436
1/8/18,-0.571,-0.553,-0.624,0.429
1/9/18,-0.578,-0.551,-0.621,0.464
1/10/18,-0.587,-0.551,-0.621,0.54
1/11/18,-0.582,-0.54,-0.577,0.579
1/12/18,-0.583,-0.534,-0.574,0.577
1/15/18,-0.576,-0.535,-0.583,0.584
1/16/18,-0.575,-0.545,-0.579,0.559
1/17/18,-0.576,-0.545,-0.58,0.56
1/18/18,-0.587,-0.545,-0.593,0.57
1/19/18,-0.584,-0.546,-0.61,0.566
1/22/18,-0.584,-0.555,-0.61,0.565
1/23/18,-0.587,-0.579,-0.598,0.559
1/24/18,-0.59,-0.58,-0.594,0.586
1/25/18,-0.592,-0.582,-0.576,0.609
1/26/18,-0.572,-0.581,-0.553,0.626
1/29/18,-0.598,-0.574,-0.533,0.691
1/30/18,-0.565,-0.573,-0.538,0.68
1/31/18,-0.569,-0.579,-0.535,0.695
2/1/18,-0.583,-0.581,-0.548,0.718
2/2/18,-0.589,-0.582,-0.548,0.765
2/5/18,-0.584,-0.588,-0.566,0.733
2/6/18,-0.586,-0.588,-0.573,0.69
2/7/18,-0.587,-0.589,-0.551,0.742
2/8/18,-0.582,-0.583,-0.556,0.759
2/9/18,-0.585,-0.587,-0.576,0.741
2/12/18,-0.585,-0.575,-0.585,0.753
2/13/18,-0.579,-0.584,-0.579,0.747
2/14/18,-0.578,-0.579,-0.573,0.754
2/15/18,-0.575,-0.58,-0.566,0.761
2/16/18,-0.582,-0.586,-0.576,0.704
2/19/18,-0.58,-0.591,-0.574,0.732
2/20/18,-0.587,-0.581,-0.511,0.732
2/21/18,-0.594,-0.585,-0.521,0.719
2/22/18,-0.598,-0.594,-0.53,0.703
2/23/18,-0.597,-0.593,-0.544,0.65
2/26/18,-0.6,-0.596,-0.546,0.65
2/27/18,-0.585,-0.597,-0.532,0.676
2/28/18,-0.608,-0.601,-0.548,0.653
3/1/18,-0.639,-0.613,-0.563,0.641
3/2/18,-0.63,-0.61,-0.561,0.648
3/5/18,-0.638,-0.627,-0.561,0.64
3/6/18,-0.639,-0.625,-0.556,0.672
3/7/18,-0.64,-0.631,-0.552,0.653
3/8/18,-0.644,-0.644,-0.569,0.625
3/9/18,-0.636,-0.637,-0.568,0.644
3/12/18,-0.635,-0.637,-0.581,0.63
3/13/18,-0.639,-0.642,-0.583,0.617
3/14/18,-0.642,-0.645,-0.584,0.59
3/15/18,-0.639,-0.642,-0.587,0.574
3/16/18,-0.641,-0.641,-0.602,0.568
3/19/18,-0.621,-0.633,-0.602,0.567
3/20/18,-0.617,-0.61,-0.594,0.582
3/21/18,-0.616,-0.605,-0.596,0.59
3/22/18,-0.608,-0.6,-0.614,0.527
3/23/18,-0.608,-0.6,-0.62,0.524
3/26/18,-0.607,-0.59,-0.614,0.521
3/27/18,-0.587,-0.59,-0.62,0.501
3/28/18,-0.584,-0.584,-0.614,0.5
3/29/18,-0.584,-0.583,-0.613,0.494
3/30/18,-0.584,-0.583,-0.614,0.494
4/2/18,-0.584,-0.583,-0.614,0.494
4/3/18,-0.572,-0.571,-0.603,0.499
4/4/18,-0.572,-0.575,-0.6,0.498
4/5/18,-0.571,-0.574,-0.589,0.522
4/6/18,-0.567,-0.572,-0.596,0.495
4/9/18,-0.56,-0.567,-0.589,0.503
4/10/18,-0.575,-0.562,-0.578,0.513
4/11/18,-0.574,-0.573,-0.579,0.497
4/12/18,-0.575,-0.577,-0.585,0.513
4/13/18,-0.577,-0.582,-0.59,0.509
4/16/18,-0.582,-0.574,-0.583,0.523
4/17/18,-0.583,-0.573,-0.587,0.505
4/18/18,-0.581,-0.573,-0.575,0.529
4/19/18,-0.576,-0.572,-0.563,0.598
4/20/18,-0.578,-0.569,-0.569,0.588
4/23/18,-0.581,-0.564,-0.558,0.634
4/24/18,-0.577,-0.563,-0.556,0.629
4/25/18,-0.58,-0.566,-0.56,0.631
4/26/18,-0.583,-0.57,-0.572,0.591
4/27/18,-0.58,-0.567,-0.584,0.569
4/30/18,-0.578,-0.563,-0.592,0.557
5/1/18,-0.578,-0.563,-0.592,0.557
5/2/18,-0.583,-0.566,-0.581,0.579
5/3/18,-0.58,-0.568,-0.592,0.53
5/4/18,-0.585,-0.571,-0.587,0.542
5/7/18,-0.591,-0.562,-0.587,0.529
5/8/18,-0.565,-0.565,-0.584,0.56
5/9/18,-0.565,-0.565,-0.586,0.557
5/10/18,-0.56,-0.565,-0.59,0.555
5/11/18,-0.565,-0.566,-0.588,0.557
5/14/18,-0.563,-0.559,-0.565,0.609
5/15/18,-0.567,-0.559,-0.555,0.643
5/16/18,-0.563,-0.556,-0.581,0.604
5/17/18,-0.576,-0.565,-0.57,0.637
5/18/18,-0.585,-0.558,-0.594,0.577
5/21/18,-0.581,-0.561,-0.63,0.521
5/22/18,-0.596,-0.57,-0.611,0.558
5/23/18,-0.582,-0.578,-0.587,0.505
5/24/18,-0.591,-0.584,-0.6,0.47
5/25/18,-0.592,-0.58,-0.632,0.403
5/28/18,-0.588,-0.622,-0.681,0.341
5/29/18,-0.604,-0.599,-0.681,0.257
5/30/18,-0.62,-0.593,-0.667,0.369
5/31/18,-0.619,-0.598,-0.667,0.338
6/1/18,-0.613,-0.59,-0.639,0.382
6/4/18,-0.614,-0.605,-0.631,0.416
6/5/18,-0.604,-0.612,-0.661,0.366
6/6/18,-0.618,-0.621,-0.608,0.462
6/7/18,-0.614,-0.621,-0.621,0.481
6/8/18,-0.609,-0.622,-0.658,0.446
6/11/18,-0.591,-0.622,-0.609,0.491
6/12/18,-0.599,-0.591,-0.596,0.489
6/13/18,-0.604,-0.595,-0.597,0.48
6/14/18,-0.604,-0.604,-0.632,0.424
6/15/18,-0.604,-0.606,-0.626,0.401
6/18/18,-0.602,-0.596,-0.626,0.396
6/19/18,-0.602,-0.6,-0.632,0.37
6/20/18,-0.604,-0.603,-0.644,0.375
6/21/18,-0.605,-0.608,-0.677,0.333
6/22/18,-0.607,-0.609,-0.675,0.335
6/25/18,-0.625,-0.61,-0.682,0.325
6/26/18,-0.62,-0.609,-0.674,0.339
6/27/18,-0.625,-0.607,-0.679,0.319
6/28/18,-0.625,-0.608,-0.674,0.317
6/29/18,-0.627,-0.604,-0.674,0.3
7/2/18,-0.622,-0.592,-0.689,0.302
7/3/18,-0.606,-0.595,-0.679,0.292
7/4/18,-0.605,-0.596,-0.666,0.303
7/5/18,-0.599,-0.593,-0.657,0.297
7/6/18,-0.599,-0.591,-0.663,0.29
7/9/18,-0.58,-0.596,-0.657,0.298
7/10/18,-0.586,-0.571,-0.644,0.318
7/11/18,-0.586,-0.568,-0.637,0.366
7/12/18,-0.586,-0.569,-0.646,0.355
7/13/18,-0.587,-0.565,-0.641,0.338
7/16/18,-0.596,-0.572,-0.634,0.361
7/17/18,-0.573,-0.566,-0.635,0.344
7/18/18,-0.571,-0.56,-0.639,0.339
7/19/18,-0.567,-0.562,-0.637,0.329
7/20/18,-0.564,-0.558,-0.626,0.369
7/23/18,-0.562,-0.544,-0.609,0.405
7/24/18,-0.559,-0.542,-0.616,0.395
7/25/18,-0.561,-0.545,-0.607,0.394
7/26/18,-0.56,-0.542,-0.61,0.402
7/27/18,-0.558,-0.541,-0.606,0.402
7/30/18,-0.539,-0.53,-0.591,0.444
7/31/18,-0.536,-0.534,-0.579,0.442
8/1/18,-0.539,-0.53,-0.561,0.475
8/2/18,-0.539,-0.53,-0.576,0.459
8/3/18,-0.541,-0.533,-0.595,0.406
8/6/18,-0.536,-0.533,-0.597,0.387
8/7/18,-0.537,-0.612,-0.588,0.406
8/8/18,-0.542,-0.631,-0.601,0.396
8/9/18,-0.543,-0.626,-0.619,0.373
8/10/18,-0.538,-0.63,-0.643,0.315
8/13/18,-0.537,-0.627,-0.653,0.31
8/14/18,-0.542,-0.626,-0.644,0.326
8/15/18,-0.539,-0.63,-0.654,0.303
8/16/18,-0.538,-0.621,-0.645,0.318
8/17/18,-0.534,-0.609,-0.658,0.304
8/20/18,-0.539,-0.605,-0.65,0.301
8/21/18,-0.542,-0.607,-0.609,0.329
8/22/18,-0.539,-0.607,-0.597,0.342
8/23/18,-0.543,-0.609,-0.601,0.338
8/24/18,-0.545,-0.61,-0.602,0.343
8/27/18,-0.546,-0.608,-0.587,0.375
8/28/18,-0.541,-0.607,-0.585,0.379
8/29/18,-0.542,-0.611,-0.58,0.403
8/30/18,-0.546,-0.608,-0.611,0.344
8/31/18,-0.547,-0.609,-0.611,0.325
9/3/18,-0.547,-0.623,-0.611,0.332
9/4/18,-0.551,-0.589,-0.59,0.355
9/5/18,-0.554,-0.588,-0.566,0.379
9/6/18,-0.559,-0.587,-0.579,0.353
9/7/18,-0.559,-0.586,-0.561,0.386
9/10/18,-0.556,-0.593,-0.551,0.4
9/11/18,-0.559,-0.592,-0.544,0.429
9/12/18,-0.562,-0.593,-0.553,0.409
9/13/18,-0.554,-0.592,-0.55,0.421
9/14/18,-0.548,-0.589,-0.546,0.449
9/17/18,-0.554,-0.58,-0.536,0.457
9/18/18,-0.554,-0.581,-0.528,0.479
9/19/18,-0.562,-0.582,-0.532,0.486
9/20/18,-0.563,-0.578,-0.536,0.47
9/21/18,-0.564,-0.576,-0.543,0.46
9/24/18,-0.558,-0.576,-0.515,0.509
9/25/18,-0.557,-0.576,-0.504,0.542
9/26/18,-0.557,-0.582,-0.506,0.525
9/27/18,-0.558,-0.579,-0.502,0.528
9/28/18,-0.562,-0.579,-0.532,0.469
10/1/18,-0.564,-0.588,-0.548,0.47
10/2/18,-0.667,-0.59,-0.569,0.421
10/3/18,-0.672,-0.597,-0.539,0.474
10/4/18,-0.666,-0.583,-0.524,0.53
10/5/18,-0.664,-0.587,-0.519,0.572
10/8/18,-0.66,-0.584,-0.549,0.528
10/9/18,-0.665,-0.598,-0.531,0.547
#########,-0.675,-0.638,-0.531,0.551
#########,-0.707,-0.657,-0.545,0.517
#########,-0.729,-0.66,-0.565,0.497
#########,-0.746,-0.678,-0.573,0.501
#########,-0.75,-0.682,-0.57,0.49
#########,-0.765,-0.694,-0.583,0.46
#########,-0.763,-0.68,-0.623,0.415
#########,-0.767,-0.684,-0.588,0.458
#########,-0.769,-0.659,-0.596,0.447
#########,-0.756,-0.664,-0.612,0.408
#########,-0.754,-0.666,-0.627,0.395
#########,-0.744,-0.672,-0.62,0.396
#########,-0.749,-0.677,-0.637,0.351
#########,-0.765,-0.673,-0.629,0.376
#########,-0.761,-0.664,-0.631,0.368
#########,-0.761,-0.665,-0.624,0.384
11/1/18,-0.759,-0.669,-0.625,0.398
11/2/18,-0.767,-0.67,-0.622,0.426
11/5/18,-0.767,-0.666,-0.615,0.425
11/6/18,-0.736,-0.663,-0.608,0.433
11/7/18,-0.729,-0.667,-0.592,0.446
11/8/18,-0.727,-0.669,-0.589,0.456
11/9/18,-0.713,-0.658,-0.605,0.406
#########,-0.682,-0.655,-0.615,0.397
#########,-0.685,-0.652,-0.573,0.408
#########,-0.688,-0.653,-0.579,0.397
#########,-0.687,-0.656,-0.598,0.359
#########,-0.688,-0.655,-0.594,0.366
#########,-0.706,-0.656,-0.592,0.371
#########,-0.679,-0.657,-0.598,0.349
#########,-0.682,-0.649,-0.583,0.375
#########,-0.692,-0.657,-0.582,0.369
#########,-0.692,-0.662,-0.586,0.339
#########,-0.708,-0.665,-0.575,0.36
#########,-0.71,-0.657,-0.585,0.348
#########,-0.696,-0.654,-0.589,0.349
#########,-0.698,-0.66,-0.603,0.32
#########,-0.697,-0.655,-0.602,0.312
12/3/18,-0.692,-0.646,-0.61,0.305
12/4/18,-0.667,-0.642,-0.62,0.261
12/5/18,-0.665,-0.645,-0.612,0.275
12/6/18,-0.667,-0.639,-0.628,0.235
12/7/18,-0.668,-0.641,-0.605,0.248
#########,-0.754,-0.683,-0.582,0.245
#########,-0.778,-0.683,-0.606,0.231
#########,-0.78,-0.687,-0.57,0.277
#########,-0.828,-0.682,-0.588,0.283
#########,-0.875,-0.715,-0.615,0.251
#########,-0.905,-0.826,-0.614,0.255
#########,-0.893,-0.818,-0.609,0.243
#########,-0.889,-0.84,-0.61,0.238
#########,-0.89,-0.835,-0.606,0.227
#########,-0.871,-0.805,-0.615,0.247
#########,-0.885,-0.811,-0.616,0.247
#########,-0.885,-0.811,-0.616,0.247
#########,-0.885,-0.811,-0.616,0.247
#########,-0.832,-0.79,-0.636,0.228
#########,-0.842,-0.782,-0.619,0.238
#########,-0.855,-0.787,-0.62,0.239
1/1/19,-0.855,-0.787,-0.62,0.239
1/2/19,-0.594,-0.606,-0.622,0.164
1/3/19,-0.574,-0.57,-0.619,0.151
1/4/19,-0.582,-0.572,-0.604,0.206
1/7/19,-0.574,-0.573,-0.591,0.219
1/8/19,-0.57,-0.57,-0.582,0.225
1/9/19,-0.568,-0.566,-0.589,0.276
1/10/19,-0.57,-0.568,-0.597,0.253
1/11/19,-0.572,-0.568,-0.592,0.237
1/14/19,-0.576,-0.567,-0.604,0.228
1/15/19,-0.572,-0.565,-0.625,0.204
1/16/19,-0.568,-0.565,-0.609,0.222
1/17/19,-0.57,-0.564,-0.595,0.241
1/18/19,-0.57,-0.57,-0.587,0.261
1/21/19,-0.567,-0.569,-0.589,0.253
1/22/19,-0.558,-0.564,-0.596,0.234
1/23/19,-0.56,-0.559,-0.588,0.223
1/24/19,-0.56,-0.559,-0.591,0.179
1/25/19,-0.558,-0.552,-0.586,0.191
1/28/19,-0.557,-0.54,-0.587,0.203
1/29/19,-0.539,-0.538,-0.575,0.199
1/30/19,-0.539,-0.536,-0.57,0.187
1/31/19,-0.536,-0.531,-0.569,0.148
2/1/19,-0.54,-0.536,-0.587,0.165
2/4/19,-0.522,-0.52,-0.575,0.175
2/5/19,-0.516,-0.517,-0.57,0.169
2/6/19,-0.514,-0.517,-0.561,0.16
2/7/19,-0.514,-0.514,-0.584,0.114
2/8/19,-0.506,-0.499,-0.584,0.086
2/11/19,-0.502,-0.494,-0.577,0.118
2/12/19,-0.503,-0.496,-0.574,0.131
2/13/19,-0.501,-0.504,-0.566,0.122
2/14/19,-0.511,-0.509,-0.559,0.102
2/15/19,-0.508,-0.512,-0.563,0.101
2/18/19,-0.507,-0.514,-0.573,0.108
2/19/19,-0.511,-0.506,-0.572,0.104
2/20/19,-0.513,-0.51,-0.574,0.098
2/21/19,-0.514,-0.506,-0.56,0.126
2/22/19,-0.515,-0.509,-0.571,0.094
2/25/19,-0.518,-0.521,-0.564,0.108
2/26/19,-0.52,-0.522,-0.541,0.117
2/27/19,-0.519,-0.523,-0.535,0.147
2/28/19,-0.516,-0.521,-0.528,0.182
3/1/19,-0.516,-0.515,-0.516,0.182
3/4/19,-0.532,-0.547,-0.516,0.156
3/5/19,-0.543,-0.542,-0.51,0.167
3/6/19,-0.534,-0.539,-0.527,0.126
3/7/19,-0.537,-0.542,-0.555,0.064
3/8/19,-0.543,-0.542,-0.542,0.067
3/11/19,-0.536,-0.545,-0.546,0.067
3/12/19,-0.532,-0.543,-0.552,0.054
3/13/19,-0.533,-0.543,-0.555,0.063
3/14/19,-0.533,-0.542,-0.551,0.084
3/15/19,-0.533,-0.542,-0.547,0.082
3/18/19,-0.528,-0.536,-0.537,0.082
3/19/19,-0.52,-0.524,-0.534,0.095
3/20/19,-0.521,-0.526,-0.537,0.083
3/21/19,-0.521,-0.524,-0.556,0.04
3/22/19,-0.529,-0.53,-0.571,-0.016
3/25/19,-0.527,-0.517,-0.573,-0.028
3/26/19,-0.525,-0.518,-0.569,-0.017
3/27/19,-0.536,-0.523,-0.612,-0.082
3/28/19,-0.536,-0.524,-0.603,-0.071
3/29/19,-0.528,-0.521,-0.611,-0.072
4/1/19,-0.525,-0.525,-0.608,-0.028
4/2/19,-0.523,-0.523,-0.618,-0.05
4/3/19,-0.528,-0.527,-0.589,0.006
4/4/19,-0.527,-0.523,-0.589,-0.007
4/5/19,-0.512,-0.52,-0.583,0.004
4/8/19,-0.516,-0.52,-0.585,0.005
4/9/19,-0.519,-0.516,-0.582,-0.011
4/10/19,-0.517,-0.525,-0.597,-0.027
4/11/19,-0.516,-0.526,-0.586,-0.01
4/12/19,-0.514,-0.528,-0.566,0.054
4/15/19,-0.516,-0.529,-0.567,0.055
4/16/19,-0.513,-0.514,-0.575,0.065
4/17/19,-0.519,-0.517,-0.576,0.079
4/18/19,-0.525,-0.515,-0.581,0.023
4/19/19,-0.525,-0.515,-0.581,0.023
4/22/19,-0.525,-0.515,-0.581,0.023
4/23/19,-0.52,-0.521,-0.58,0.04
4/24/19,-0.53,-0.533,-0.594,-0.014
4/25/19,-0.532,-0.532,-0.599,-0.01
4/26/19,-0.541,-0.538,-0.604,-0.023
4/29/19,-0.558,-0.55,-0.587,0.002
4/30/19,-0.569,-0.559,-0.59,0.012
5/1/19,-0.568,-0.559,-0.59,0.012
5/2/19,-0.581,-0.566,-0.591,0.029
5/3/19,-0.59,-0.566,-0.593,0.024
5/6/19,-0.597,-0.566,-0.599,0.005
5/7/19,-0.561,-0.569,-0.611,-0.039
5/8/19,-0.573,-0.586,-0.62,-0.045
5/9/19,-0.577,-0.587,-0.633,-0.048
5/10/19,-0.57,-0.583,-0.622,-0.045
5/13/19,-0.562,-0.582,-0.634,-0.071
5/14/19,-0.562,-0.562,-0.639,-0.071
5/15/19,-0.562,-0.564,-0.657,-0.099
5/16/19,-0.561,-0.563,-0.653,-0.096
5/17/19,-0.553,-0.56,-0.653,-0.105
5/20/19,-0.544,-0.553,-0.648,-0.089
5/21/19,-0.536,-0.55,-0.632,-0.064
5/22/19,-0.535,-0.549,-0.635,-0.087
5/23/19,-0.536,-0.548,-0.643,-0.121
5/24/19,-0.537,-0.55,-0.64,-0.118
5/27/19,-0.54,-0.545,-0.657,-0.145
5/28/19,-0.539,-0.546,-0.648,-0.162
5/29/19,-0.539,-0.547,-0.653,-0.18
5/30/19,-0.54,-0.555,-0.65,-0.176
5/31/19,-0.542,-0.561,-0.673,-0.204
6/3/19,-0.541,-0.562,-0.659,-0.202
6/4/19,-0.538,-0.56,-0.658,-0.208
6/5/19,-0.541,-0.562,-0.687,-0.227
6/6/19,-0.54,-0.558,-0.663,-0.24
6/7/19,-0.539,-0.559,-0.678,-0.258
6/10/19,-0.539,-0.557,-0.68,-0.22
6/11/19,-0.542,-0.556,-0.679,-0.233
6/12/19,-0.543,-0.546,-0.685,-0.238
6/13/19,-0.55,-0.554,-0.683,-0.242
6/14/19,-0.568,-0.566,-0.701,-0.256
6/17/19,-0.6,-0.582,-0.697,-0.245
6/18/19,-0.558,-0.593,-0.77,-0.321
6/19/19,-0.548,-0.582,-0.743,-0.289
6/20/19,-0.554,-0.596,-0.763,-0.32
6/21/19,-0.55,-0.58,-0.743,-0.286
6/24/19,-0.554,-0.568,-0.749,-0.308
6/25/19,-0.553,-0.572,-0.746,-0.332
6/26/19,-0.562,-0.552,-0.736,-0.304
6/27/19,-0.559,-0.559,-0.744,-0.322
6/28/19,-0.566,-0.562,-0.758,-0.329
7/1/19,-0.565,-0.578,-0.763,-0.358
7/2/19,-0.558,-0.578,-0.767,-0.369
7/3/19,-0.562,-0.584,-0.762,-0.387
7/4/19,-0.56,-0.584,-0.766,-0.4
7/5/19,-0.555,-0.582,-0.756,-0.365
7/8/19,-0.559,-0.586,-0.749,-0.368
7/9/19,-0.557,-0.577,-0.743,-0.356
7/10/19,-0.559,-0.588,-0.74,-0.309
7/11/19,-0.564,-0.615,-0.736,-0.228
7/12/19,-0.565,-0.613,-0.734,-0.212
7/15/19,-0.562,-0.608,-0.74,-0.254
7/16/19,-0.552,-0.609,-0.741,-0.246
7/17/19,-0.556,-0.613,-0.755,-0.292
7/18/19,-0.559,-0.62,-0.759,-0.312
7/19/19,-0.557,-0.619,-0.777,-0.325
7/22/19,-0.539,-0.6,-0.781,-0.348
7/23/19,-0.541,-0.596,-0.782,-0.356
7/24/19,-0.539,-0.6,-0.788,-0.38
7/25/19,-0.537,-0.595,-0.767,-0.364
7/26/19,-0.539,-0.593,-0.758,-0.378
7/29/19,-0.533,-0.576,-0.77,-0.393
7/30/19,-0.538,-0.573,-0.767,-0.401
7/31/19,-0.545,-0.573,-0.785,-0.442
8/1/19,-0.554,-0.574,-0.782,-0.451
8/2/19,-0.553,-0.58,-0.794,-0.497
8/5/19,-0.566,-0.584,-0.816,-0.517
8/6/19,-0.572,-0.652,-0.824,-0.538
8/7/19,-0.591,-0.66,-0.862,-0.583
8/8/19,-0.6,-0.655,-0.857,-0.562
8/9/19,-0.599,-0.659,-0.87,-0.578
8/12/19,-0.611,-0.679,-0.884,-0.593
8/13/19,-0.594,-0.682,-0.882,-0.611
8/14/19,-0.597,-0.714,-0.88,-0.652
8/15/19,-0.618,-0.732,-0.919,-0.715
8/16/19,-0.61,-0.73,-0.919,-0.687
8/19/19,-0.609,-0.727,-0.904,-0.65
8/20/19,-0.608,-0.727,-0.911,-0.692
8/21/19,-0.61,-0.726,-0.893,-0.672
8/22/19,-0.604,-0.691,-0.869,-0.646
8/23/19,-0.596,-0.697,-0.898,-0.677
8/26/19,-0.592,-0.712,-0.901,-0.669
8/27/19,-0.6,-0.717,-0.894,-0.695
8/28/19,-0.604,-0.717,-0.893,-0.716
8/29/19,-0.598,-0.719,-0.914,-0.694
8/30/19,-0.602,-0.717,-0.933,-0.702
9/2/19,-0.614,-0.724,-0.934,-0.704
9/3/19,-0.617,-0.713,-0.919,-0.708
9/4/19,-0.614,-0.712,-0.898,-0.677
9/5/19,-0.617,-0.708,-0.874,-0.595
9/6/19,-0.615,-0.695,-0.875,-0.64
9/9/19,-0.615,-0.691,-0.862,-0.587
9/10/19,-0.6,-0.692,-0.848,-0.55
9/11/19,-0.594,-0.701,-0.847,-0.565
9/12/19,-0.577,-0.667,-0.729,-0.518
9/13/19,-0.572,-0.624,-0.715,-0.45
9/16/19,-0.57,-0.616,-0.732,-0.482
9/17/19,-0.568,-0.609,-0.72,-0.476
9/18/19,-0.571,-0.61,-0.736,-0.512
9/19/19,-0.583,-0.594,-0.729,-0.509
9/20/19,-0.581,-0.599,-0.725,-0.523
9/23/19,-0.593,-0.592,-0.747,-0.582
9/24/19,-0.595,-0.595,-0.741,-0.602
9/25/19,-0.625,-0.599,-0.74,-0.576
9/26/19,-0.623,-0.631,-0.756,-0.584
9/27/19,-0.605,-0.633,-0.776,-0.575
9/30/19,-0.588,-0.641,-0.773,-0.573
10/1/19,-0.589,-0.633,-0.777,-0.566
10/2/19,-0.591,-0.643,-0.772,-0.548
10/3/19,-0.591,-0.643,-0.787,-0.592
10/4/19,-0.586,-0.642,-0.789,-0.588
10/7/19,-0.562,-0.629,-0.781,-0.576
10/8/19,-0.562,-0.63,-0.79,-0.596
10/9/19,-0.632,-0.624,-0.763,-0.55
#########,-0.629,-0.622,-0.72,-0.471
#########,-0.63,-0.617,-0.729,-0.444
#########,-0.598,-0.593,-0.711,-0.458
#########,-0.597,-0.591,-0.696,-0.418
#########,-0.596,-0.588,-0.682,-0.388
#########,-0.605,-0.595,-0.676,-0.41
#########,-0.605,-0.597,-0.673,-0.384
#########,-0.609,-0.613,-0.671,-0.345
#########,-0.624,-0.629,-0.664,-0.37
#########,-0.636,-0.626,-0.663,-0.395
#########,-0.642,-0.633,-0.674,-0.406
#########,-0.677,-0.636,-0.66,-0.364
#########,-0.695,-0.648,-0.65,-0.333
#########,-0.65,-0.643,-0.64,-0.353
#########,-0.637,-0.636,-0.639,-0.356
#########,-0.645,-0.639,-0.668,-0.409
11/1/19,-0.647,-0.639,-0.663,-0.384
11/4/19,-0.649,-0.627,-0.655,-0.352
11/5/19,-0.614,-0.616,-0.643,-0.311
11/6/19,-0.611,-0.609,-0.643,-0.335
11/7/19,-0.605,-0.607,-0.617,-0.236
11/8/19,-0.597,-0.61,-0.621,-0.264
#########,-0.595,-0.596,-0.619,-0.246
#########,-0.591,-0.59,-0.629,-0.254
#########,-0.596,-0.594,-0.631,-0.302
#########,-0.6,-0.599,-0.649,-0.353
#########,-0.603,-0.607,-0.641,-0.336
#########,-0.599,-0.595,-0.632,-0.337
#########,-0.589,-0.601,-0.638,-0.341
#########,-0.597,-0.607,-0.645,-0.348
#########,-0.602,-0.607,-0.63,-0.328
#########,-0.606,-0.614,-0.643,-0.36
#########,-0.617,-0.617,-0.634,-0.35
#########,-0.632,-0.618,-0.642,-0.373
#########,-0.653,-0.618,-0.64,-0.374
#########,-0.659,-0.625,-0.637,-0.362
#########,-0.655,-0.62,-0.636,-0.362
12/2/19,-0.656,-0.626,-0.618,-0.283
12/3/19,-0.642,-0.626,-0.641,-0.35
12/4/19,-0.646,-0.636,-0.633,-0.317
12/5/19,-0.651,-0.64,-0.63,-0.296
12/6/19,-0.649,-0.64,-0.632,-0.288
12/9/19,-0.644,-0.637,-0.644,-0.309
#########,-0.651,-0.636,-0.643,-0.297
#########,-0.648,-0.637,-0.646,-0.323
#########,-0.648,-0.637,-0.633,-0.271
#########,-0.648,-0.634,-0.626,-0.291
#########,-0.647,-0.64,-0.634,-0.278
#########,-0.661,-0.655,-0.646,-0.296
#########,-0.671,-0.678,-0.639,-0.252
#########,-0.665,-0.662,-0.637,-0.237
#########,-0.62,-0.629,-0.643,-0.254
#########,-0.643,-0.682,-0.64,-0.245
#########,-0.672,-0.699,-0.643,-0.245
#########,-0.672,-0.699,-0.643,-0.245
#########,-0.672,-0.699,-0.643,-0.245
#########,-0.619,-0.651,-0.641,-0.258
#########,-0.637,-0.617,-0.612,-0.188
#########,-0.637,-0.617,-0.612,-0.188
1/1/20,-0.646,-0.624,-0.613,-0.188
1/2/20,-0.621,-0.617,-0.613,-0.226
1/3/20,-0.618,-0.602,-0.63,-0.284
1/6/20,-0.628,-0.602,-0.63,-0.289
1/7/20,-0.602,-0.611,-0.63,-0.286
1/8/20,-0.599,-0.603,-0.614,-0.21
1/9/20,-0.596,-0.594,-0.6,-0.182
1/10/20,-0.599,-0.597,-0.604,-0.201
1/13/20,-0.601,-0.585,-0.592,-0.161
1/14/20,-0.584,-0.581,-0.588,-0.172
1/15/20,-0.584,-0.582,-0.597,-0.201
1/16/20,-0.583,-0.585,-0.596,-0.22
1/17/20,-0.582,-0.585,-0.595,-0.216
1/20/20,-0.569,-0.572,-0.592,-0.22
1/21/20,-0.568,-0.569,-0.587,-0.25
1/22/20,-0.571,-0.567,-0.592,-0.261
1/23/20,-0.568,-0.566,-0.606,-0.309
1/24/20,-0.571,-0.57,-0.616,-0.336
1/27/20,-0.57,-0.573,-0.632,-0.387
1/28/20,-0.573,-0.578,-0.629,-0.342
1/29/20,-0.573,-0.578,-0.642,-0.378
1/30/20,-0.575,-0.581,-0.66,-0.407
1/31/20,-0.579,-0.582,-0.674,-0.436
2/3/20,-0.592,-0.59,-0.677,-0.444
2/4/20,-0.595,-0.59,-0.658,-0.4
2/5/20,-0.602,-0.595,-0.648,-0.361
2/6/20,-0.601,-0.594,-0.638,-0.371
2/7/20,-0.612,-0.588,-0.646,-0.386
2/10/20,-0.604,-0.589,-0.645,-0.412
2/11/20,-0.599,-0.589,-0.644,-0.393
2/12/20,-0.589,-0.593,-0.641,-0.379
2/13/20,-0.609,-0.592,-0.65,-0.387
2/14/20,-0.596,-0.593,-0.661,-0.402
2/17/20,-0.589,-0.589,-0.655,-0.402
2/18/20,-0.587,-0.583,-0.651,-0.409
2/19/20,-0.583,-0.582,-0.648,-0.42
2/20/20,-0.586,-0.578,-0.65,-0.446
2/21/20,-0.582,-0.578,-0.647,-0.432
2/24/20,-0.591,-0.588,-0.68,-0.483
2/25/20,-0.584,-0.59,-0.697,-0.514
2/26/20,-0.592,-0.593,-0.703,-0.507
2/27/20,-0.59,-0.598,-0.74,-0.545
2/28/20,-0.607,-0.609,-0.776,-0.609
3/2/20,-0.63,-0.635,-0.83,-0.627
3/3/20,-0.639,-0.645,-0.818,-0.627
3/4/20,-0.642,-0.657,-0.849,-0.641
3/5/20,-0.646,-0.655,-0.863,-0.688
3/6/20,-0.648,-0.654,-0.867,-0.712
3/9/20,-0.667,-0.672,-1.014,-0.858
3/10/20,-0.664,-0.685,-0.968,-0.794
3/11/20,-0.721,-0.742,-0.963,-0.745
3/12/20,-0.717,-0.748,-0.953,-0.748
3/13/20,-0.696,-0.75,-0.892,-0.548
3/16/20,-0.626,-0.747,-0.904,-0.465
3/17/20,-0.692,-0.655,-0.861,-0.438
3/18/20,-0.643,-0.609,-0.779,-0.24
3/19/20,-0.559,-0.577,-0.69,-0.198
3/20/20,-0.563,-0.56,-0.693,-0.326
3/23/20,-0.569,-0.524,-0.71,-0.38
3/24/20,-0.512,-0.515,-0.649,-0.327
3/25/20,-0.489,-0.491,-0.614,-0.266
3/26/20,-0.49,-0.502,-0.66,-0.365
3/27/20,-0.506,-0.509,-0.719,-0.479
3/30/20,-0.477,-0.484,-0.716,-0.495
3/31/20,-0.495,-0.5,-0.702,-0.474